wxn1,wxn2,wxn3,wxn4,wxn5,wxn6,wxn7,wxn8,wxn9,wxn10,wxn11,wxn12,wxn13,y0
1,1,11.76,7.25,52,27,20.703,4.35,19,2,3,1,1,1
1,4,5.81,6.2,34,26,19.031,4.17,12,2,3,1,2,1
1,7,6.18,0.87,14,30,17.93,8.23,11,2,5,2,1,1
1,9,9.91,12.73,57,28,18.553,5.71,21,2,3,1,2,1
1,10,8.01,3.81,20,25,20.812,6.49,21,2,5,2,2,1
1,11,6.74,8.64,24,28,24,3.82,13,2,3,1,4,0
1,12,8.12,8.29,43,29,18.218,4.47,13,1,5,2,1,1
1,13,9.52,1.54,49,31,19.433,6.17,19,2,5,1,1,1
1,14,6.69,6.72,70,27,17.851,2.78,15,2,5,1,1,1
1,15,8.25,6.73,7,26,18.066,2.27,22,2,3,2,1,0
1,16,6.63,3.23,34,24,19.818,2.79,12,2,3,1,4,0
1,17,8.38,4.4,33,27,18.066,2.71,12,2,3,2,1,1
1,19,11.09,6.88,71,28,21.36,2.28,12,2,5,2,1,0
1,20,11.09,6.47,51,25,22.66,3.27,10,1,5,2,1,1
1,21,11.67,2.48,66,31,19.922,6.14,14,1,5,1,3,0
1,22,6.26,2.75,19,30,20.727,3.65,7,1,5,1,1,1
1,23,8.12,3.91,50,28,17.909,1.82,15,1,5,1,6,1
1,24,7.76,3.36,43,30,18.179,2.68,10,2,3,1,4,1
1,25,9.94,4.11,12,31,19.6,4.01,20,2,3,1,1,1
1,26,11.5,10.61,31,28,18.43,4.8,15,1,5,1,3,0
1,28,6.4,4.22,41,33,18.975,5.95,6,2,3,1,1,0
1,29,8.76,2.06,30,31,19.53,6.7,9,2,3,1,1,1
1,30,9.42,6.54,32,28,22.039,2.94,9,1,5,1,1,1
1,31,6.98,4.27,18,32,25.271,3.72,12,2,5,2,1,1
1,34,7.51,5.83,40,34,19.3,7.21,8,1,5,2,4,1
1,35,6.69,3.14,45,26,20.324,5.41,17,2,5,1,1,1
1,37,7.26,2.84,25,33,18.67,5.53,13,2,5,2,1,1
1,38,6.87,3.6,23,26,23.373,3.06,16,2,5,1,4,0
1,39,9.1,5.42,55,28,21.565,3.04,12,2,3,1,4,0
1,40,7.91,2.3,42,27,18.904,5.42,9,2,3,1,1,1
1,41,9.09,5.72,62,29,18.491,2.38,11,1,5,1,1,0
1,42,7.13,8.72,43,31,23.243,8.95,27,1,5,1,2,1
1,43,7.28,4.2,55,28,18.902,1.72,11,1,5,2,1,1
1,45,7.97,6.15,51,29,16.811,7.8,15,2,5,2,6,1
1,47,6.24,3.93,44,31,20.957,5.58,13,1,5,1,4,1
1,51,7.05,6.47,40,32,19.044,7.48,20,1,5,2,1,1
1,53,7.76,4.12,46,25,16.731,2.69,8,2,3,1,4,1
1,54,7.66,5.08,39,27,24.655,3.81,17,2,5,1,1,1
1,55,6.46,8.1,57,32,22.667,8.39,14,1,5,2,1,0
1,56,9.32,4.97,40,29,18.778,6.23,14,2,5,2,4,1
1,57,7.24,3.1,16,33,20.2,6.34,16,1,5,1,3,1
1,61,7.06,4.9,34,33,21.68,2.35,13,1,5,2,3,1
1,62,8.06,4.35,43,29,20.24,6.85,13,1,5,1,1,1
1,63,8.65,2.77,20,31,20.812,2.87,12,2,3,2,1,1
1,64,8.39,6.83,49,25,23.624,7.69,21,2,3,2,1,1
1,66,7.81,5.66,73,25,16.015,3.45,13,1,5,1,1,0
1,67,6.6,2.7,31,29,20.812,1.94,13,2,3,1,1,1
1,69,8.54,3.79,24,32,26.23,2.34,15,2,5,1,4,0
1,70,7.16,6.12,32,31,19.368,5.08,13,1,5,1,1,1
1,71,7.24,5.29,46,25,18.314,4.15,19,1,5,1,1,0
1,72,11.46,11,25,26,22.222,4.35,9,2,5,2,1,1
1,74,9.14,3.84,71,28,17.648,3.1,12,2,3,1,4,0
1,75,9.05,6.67,48,29,20.55,2.7,22,1,5,1,4,1
1,76,5.31,4.68,42,30,18.819,8.52,14,1,5,1,1,0
1,78,6.56,7.36,55,28,20.508,6.43,16,1,5,2,1,1
1,80,7.47,4.37,29,28,20.269,8.63,11,1,5,2,1,0
1,81,7.35,3.94,32,31,19.383,6.15,10,1,5,2,1,1
1,82,7.05,3.05,50,30,23.691,4.34,11,2,5,1,1,1
1,83,7.88,5.12,54,29,19.922,8.94,22,1,5,1,4,1
1,84,9.93,18.93,14,28,24.524,10.95,22,2,3,2,1,1
1,85,6.67,2.72,20,30,26.81,2.17,18,2,5,1,1,1
1,87,6.54,3.13,38,27,18.43,3.62,16,2,5,1,4,0
1,88,5.71,3.28,24,28,22.893,12.67,21,2,5,1,6,0
1,89,5.65,5.02,16,29,22.14,4.74,20,2,5,1,1,1
1,90,7.63,3.49,73,27,21.774,2.51,13,2,3,2,4,0
1,91,8.26,5.12,19,26,21.908,4.99,17,2,5,2,2,1
1,93,6.33,3.14,58,26,20.285,3.49,10,1,5,1,4,1
1,94,5.4,2.64,65,28,22.151,3.34,13,1,5,1,1,1
1,95,9.21,4.14,35,31,21.45,4.12,13,2,5,2,3,1
1,96,10.62,2.31,29,29,19.71,2.54,5,2,3,1,1,1
1,97,8.52,6.94,40,30,18.827,6.61,12,1,5,1,1,1
1,98,5.25,3.94,50,25,21.048,7.06,20,2,5,2,4,1
1,99,8.67,6.87,38,30,17.288,3.51,12,2,3,2,1,0
1,100,8.27,6.08,7,25,23.335,8.27,25,1,5,2,4,1
1,101,8.17,12.93,66,27,17.445,5.22,21,1,5,1,4,1
1,102,9.05,4.21,25,28,19.068,4,11,2,5,1,1,0
1,103,6.16,7.63,30,28,20.395,10.98,21,1,5,2,1,0
1,104,8.12,3.75,32,27,19.596,4.17,22,1,5,2,1,1
1,105,6.62,4.35,14,31,19.289,5.41,13,2,5,2,4,1
1,106,10.35,8.61,26,24,20.964,6.55,18,2,3,1,1,1
1,107,7.55,5.12,31,29,18.34,5.08,19,2,3,1,4,0
1,108,4.95,5.35,26,33,21.68,3.76,6,2,5,2,4,0
1,109,9.22,9.66,27,27,21.224,8.73,17,2,3,2,1,0
1,110,6.1,19.24,43,27,19.147,7.3,24,2,5,1,1,1
1,112,9.46,4.54,54,30,20.449,2.49,17,2,5,2,1,1
1,113,5.31,11.69,53,28,21.88,9.81,12,1,5,1,4,1
1,114,7.35,3.75,33,33,21.8,3.77,15,2,5,1,1,1
1,115,8.76,5.98,40,26,19.65,3.93,9,2,5,1,1,1
1,116,9.19,5.52,56,23,18.256,4,21,2,3,1,4,1
1,117,8.79,7.03,48,33,17.445,8.23,19,2,3,1,2,0
1,119,7.85,4.13,41,26,19.879,7.13,9,1,5,2,1,1
1,120,7.81,6.48,24,28,19.56,3.03,11,2,5,1,1,1
1,121,5.14,2.32,41,25,19.43,3.47,18,1,5,1,1,0
1,122,9.01,4.82,25,31,21.565,11.77,13,1,5,2,1,1
1,123,5.47,3.59,37,31,21.228,7.05,16,1,5,2,1,0
1,124,5.2,2.24,32,28,23.31,6.04,15,1,5,1,4,0
1,125,11.31,10.19,27,29,19.53,4.48,13,2,3,1,4,0
1,126,10.95,6.98,35,30,22.547,6.58,15,2,3,1,4,1
1,127,6.14,6.44,44,27,21.766,8.7,16,2,5,2,1,1
1,128,8.11,5.1,22,34,24.219,6.8,21,2,5,2,4,1
1,130,9.61,8.51,33,29,20.029,10.94,16,2,5,1,1,1
1,132,8.38,7.77,35,25,19.141,5.25,16,1,5,1,1,0
1,133,7.59,6.25,38,26,20.029,4.63,21,1,5,1,1,1
1,134,5.94,3.79,43,28,19.94,2.23,8,2,5,2,3,1
1,135,8.02,5.86,41,29,18.66,2.87,7,1,5,1,1,1
1,136,6.3,4.32,44,34,16.49,12.39,22,2,3,2,1,1
1,137,5.72,4.03,27,28,26.898,3.67,19,2,3,1,1,1
1,139,7.47,4.55,32,27,21.514,5.92,27,1,5,2,1,1
1,140,8.09,3.93,59,27,20.703,13.92,21,1,5,1,1,0
1,141,6.48,3.82,36,26,18.671,4.02,13,2,3,1,4,1
1,142,5.7,7.61,25,28,16.975,6.61,22,1,5,1,4,1
1,143,6.91,5.65,27,31,22.942,7.93,14,1,5,2,1,1
1,144,9.02,4.36,36,28,17.631,2.85,13,2,5,2,1,1
1,145,6.67,3.24,51,33,23.733,2.46,11,2,5,2,1,0
1,146,6.72,4.08,37,25,24.768,8.09,14,2,3,1,2,0
1,147,6.61,6.82,27,27,21.708,14.48,25,1,5,2,2,0
1,148,7.07,7.28,32,26,23.53,8.13,25,1,5,2,1,1
1,149,9.97,8.17,64,29,22.761,3.72,14,2,3,1,4,1
1,152,7.15,4.91,27,31,21.231,2.49,16,2,3,1,1,1
1,153,5.92,4.69,33,25,24.435,9,22,2,3,1,2,0
1,154,5.51,3.26,40,30,21.875,7.41,24,1,5,2,1,1
1,157,7.99,9.7,57,30,20.661,7.93,27,1,5,1,2,0
1,158,5.92,4.32,31,29,23.533,3.98,31,2,3,1,1,0
1,159,9.31,6.25,16,25,19.234,3.54,12,1,5,2,1,1
1,162,7.86,5.44,56,29,18.31,4.82,10,2,3,1,4,1
1,163,7.85,1.81,36,31,22.03,7.34,9,2,5,1,1,1
1,164,11.37,6.2,64,25,20.109,2.24,8,2,3,1,6,1
1,165,9.08,3.87,38,21,19.22,4.19,11,1,5,1,4,1
1,166,7.64,9.84,23,25,20.812,6.58,16,2,3,1,2,1
1,167,9.23,6.8,39,31,20.57,10.05,20,2,5,2,4,0
1,169,9.06,4.41,21,31,18.591,4.88,13,1,5,2,4,1
1,170,6.51,6.24,71,32,20.701,8.2,23,2,3,1,1,1
1,172,8.29,6.36,29,34,19.47,7.12,19,2,3,1,4,0
1,173,10.8,8.96,44,26,16.561,2.1,11,2,3,1,1,0
1,174,7.77,4.31,31,31,22.074,4.33,10,2,3,1,4,1
1,175,8.15,5.04,37,31,22.972,1.98,12,1,5,1,4,0
1,176,4.65,3.05,47,32,21.025,4.59,14,1,5,2,1,1
1,177,6.61,3.87,39,29,24.444,4.31,12,1,5,1,4,1
1,178,11.85,8.38,42,32,18.026,4.39,15,2,5,1,2,0
1,179,7.96,8.72,56,27,16.545,11.7,26,2,5,1,1,0
1,181,7.33,3.27,26,28,21.368,3.74,17,1,5,2,1,1
1,182,9.07,3.11,27,28,22.03,5.53,13,2,5,1,2,1
1,183,9.07,6.63,34,28,24.19,6.55,15,1,5,2,1,1
1,184,7.67,3.3,37,25,20.937,3.64,17,2,3,1,1,0
1,185,7.37,17.76,29,31,20.703,8.16,25,1,5,2,1,1
1,187,5.55,3.88,43,26,18.81,4.03,17,2,5,2,4,1
1,189,6.36,7.35,14,29,20.661,4.2,16,1,5,1,4,0
1,191,7.96,5.74,45,25,22.349,3.29,18,2,5,2,4,1
1,192,7.13,3.05,53,27,20.83,5.24,11,2,5,1,1,1
1,196,7.95,13.6,31,27,18.555,9.24,25,1,5,1,1,1
1,199,6.33,2.59,21,22,19.531,4.43,24,2,5,1,4,0
1,200,5.45,9.17,37,29,23.63,3.13,13,2,3,1,1,1
1,201,5.98,13.3,67,31,19.979,10.06,42,1,5,1,2,1
1,203,5.68,21.98,61,30,23.438,12.63,27,2,5,1,1,1
1,204,7.93,14.66,32,24,21.077,6.4,25,2,5,2,2,1
1,205,8.9,16.3,27,34,19.53,6.01,21,1,5,1,1,1
1,206,10.24,12.88,59,27,28.134,8.11,36,1,5,1,2,1
1,207,7.45,3.53,51,30,20.2,3.63,16,2,5,2,1,1
1,208,6.9,4.76,37,32,20.889,5.72,12,1,5,1,1,0
1,210,6.96,5.42,51,33,20.83,7.61,14,1,5,1,1,1
1,211,6.91,2.99,41,23,22.68,4.13,18,2,5,2,1,1
1,212,6.55,2.08,42,34,20.447,3.14,14,2,3,2,1,0
1,213,8.43,3.3,55,32,20.658,2.14,11,2,3,1,4,1
1,214,6.92,5.42,56,32,19.778,7.14,15,1,5,2,1,1
1,215,8.83,3.42,18,22,18.827,3.53,17,1,5,1,4,1
1,216,10.37,6.54,55,27,18.026,3.54,17,1,5,1,1,0
1,217,6.83,11.61,60,29,16.447,2.95,12,1,5,1,4,1
1,218,6.32,3.28,22,28,24.219,4.71,15,1,5,2,1,0
1,219,6.84,8.89,32,26,18.975,4.92,15,2,5,1,3,1
1,220,6.66,3.6,25,24,18.314,2.32,9,1,5,1,1,1
1,222,4.55,4.74,54,30,20.029,4.18,18,1,5,1,2,0
1,223,7.21,5.08,29,28,19.045,4.18,10,2,5,1,1,1
1,224,8.33,3.37,50,23,23.613,3.24,11,1,5,2,1,1
1,225,6.43,4.1,39,27,22.59,8.72,28,1,5,1,4,0
1,227,8.82,6.03,64,33,23.15,4.07,10,2,5,1,1,1
1,229,7.24,5.93,39,31,21.083,4.38,16,1,5,1,4,1
1,230,8.31,4.64,31,28,19.473,8.48,18,2,5,1,2,1
1,231,7.18,6.15,23,27,22.547,7.46,17,2,3,1,4,1
1,232,10.23,3.02,24,29,20.96,1.43,8,2,5,1,4,1
1,235,10.06,4.95,42,26,18.132,4.07,13,2,5,2,1,1
1,236,7.51,13.25,57,28,19.92,5.17,23,1,5,1,4,1
1,237,7.96,3.63,36,21,22.266,3.88,12,2,3,2,1,1
1,238,6.39,5.98,31,31,17.851,3.81,17,1,5,1,1,0
1,239,5.53,6.62,32,26,19.979,9.35,23,1,5,2,4,1
1,240,7.68,9.07,32,33,20.78,9.88,19,1,5,1,4,0
1,241,5.78,9.17,37,30,19.778,8.93,16,1,5,1,3,1
1,243,6.15,1.82,49,28,20.893,4.99,30,1,5,2,2,1
1,244,8.34,3.75,37,27,21.83,3.32,20,2,5,1,4,1
1,245,7.7,3.8,28,27,22.83,5.71,11,1,5,2,1,0
1,246,9,5.72,26,28,19.922,1.97,15,2,5,1,1,1
1,248,8.23,7.41,28,28,22.719,9.82,14,2,5,1,2,0
1,249,8.77,8.47,38,26,21.083,10.13,18,1,5,2,1,1
1,250,5.34,1.83,30,21,17.24,3.45,13,1,5,1,1,1
1,253,9.14,6.13,25,31,19.313,3.44,16,2,5,2,1,1
1,254,6.71,2.93,22,25,18.827,5.67,13,2,3,1,4,0
1,256,10.64,18.25,32,30,24.03,5.6,16,1,5,1,1,1
1,257,6.88,3.52,35,27,19.377,3.88,17,1,5,1,1,0
1,259,9.88,22.21,42,27,20.83,3.01,21,2,5,2,1,1
1,260,6.83,5.81,29,33,23.683,10.69,13,1,5,2,1,0
1,262,5.96,5.96,58,33,21.155,5.32,15,2,3,2,4,0
1,263,6.49,7.77,45,27,19.223,7.92,21,1,5,1,4,1
1,264,5.38,4.95,30,24,23.53,5.94,18,2,5,1,4,1
1,265,5.21,19.44,36,27,23.609,16.23,43,2,5,1,1,1
1,266,9.23,6.62,54,33,22.151,3.13,17,2,3,2,4,0
1,268,7.45,6.79,19,26,20.324,6.64,14,1,5,1,1,0
1,271,8.65,5.07,44,27,18.29,4.18,18,2,5,1,1,0
1,272,4.97,1.79,38,30,19.03,5.53,15,2,5,2,1,0
1,274,7.7,5.97,25,30,21.469,7.13,24,2,5,1,2,1
1,275,5.7,4.23,29,29,24.353,7.15,18,2,5,1,1,1
1,276,7.27,7.62,42,27,23.624,2.59,21,1,5,2,1,0
1,277,5.44,4.7,47,31,21.671,7.23,19,2,5,2,1,1
1,278,7.69,6.04,55,30,20.667,3.72,14,2,3,1,1,1
1,279,6.52,6.01,31,32,17.93,10.57,22,2,5,1,1,0
1,280,6.43,5.57,27,29,21.5,4.46,16,2,5,2,1,1
1,281,8.76,6.43,39,30,20.812,4.36,14,2,3,1,1,1
1,287,5.18,3.63,60,27,18.591,6.46,27,1,5,1,1,1
1,289,7.17,2.41,42,31,20,5.77,20,1,5,2,1,1
1,291,8.95,3.36,45,30,19.959,3.94,11,2,3,1,2,0
1,293,6.66,5.69,23,31,19.979,3.31,10,2,5,2,1,1
1,295,7.91,5.45,40,34,17.528,7.36,13,2,3,2,1,1
1,296,7.83,3.75,34,33,23.373,6.09,11,1,5,1,1,1
1,299,9.69,3.97,29,28,20.281,0.89,12,2,5,2,1,0
1,300,8.62,6.77,26,23,21.83,4.49,12,2,3,1,4,0
1,301,5.55,3.2,40,33,20.96,5.2,12,1,5,2,1,1
1,302,7.3,5.99,28,30,20.7,4.3,14,2,5,2,4,1
1,303,6.2,14.84,33,28,28.125,7.37,37,1,5,1,2,1
1,304,7.25,7.81,65,32,21.778,5.67,16,1,5,2,4,1
1,305,6.11,3.23,41,31,21.48,3.28,11,2,3,2,4,1
1,306,9.75,3.63,66,31,18.987,5.64,10,1,5,1,1,0
1,307,6.29,6.2,30,25,19.76,4.21,16,2,3,1,1,1
1,308,6.56,6.25,26,26,22.43,6.33,15,2,3,1,1,1
1,309,8.41,4.84,26,29,29.69,4.06,18,2,5,2,4,1
1,310,7.86,5.71,32,28,22.1,5,19,1,5,1,1,1
1,311,5.96,5.55,55,26,21.218,6.28,26,1,5,1,4,0
1,312,6.81,3.56,58,29,20.029,8.49,18,1,5,1,4,0
1,313,8.35,7.36,24,30,17.07,3.41,11,1,5,1,1,1
1,314,7.14,5.24,57,30,18.96,10.03,12,1,5,2,4,1
1,315,6.78,2.65,58,28,19.289,3.14,18,1,5,2,2,0
1,317,7.12,4.79,28,24,17.915,4.38,25,1,5,1,1,1
1,318,4.46,3.01,29,29,25.391,4.73,15,2,3,1,4,1
1,319,8.42,4.24,27,30,22.547,5.71,15,2,3,1,4,1
1,320,8.88,6.98,37,30,17.625,4.01,14,2,5,1,1,1
1,321,7.41,4.53,58,30,19.841,13.52,34,1,5,2,1,1
1,322,8.33,14.83,31,33,23.5,6.47,18,1,5,1,1,1
1,323,7.58,6.31,47,32,20.703,5.12,26,1,5,1,1,0
1,325,5.35,3.64,23,29,24.142,8.85,27,2,5,1,2,1
1,326,8.33,5.19,49,29,16.026,3.04,11,2,3,1,3,1
1,327,5.41,4.22,74,27,20.069,4.51,22,2,5,2,1,1
1,328,8.19,3.86,29,28,20.661,4.81,12,2,3,2,1,0
1,329,7.04,3.77,40,26,21.27,2.06,13,2,3,1,1,1
1,331,6.77,5.11,39,26,16.415,3.35,17,1,5,1,1,1
1,332,6.64,5.25,8,32,24.456,7.29,20,2,5,1,3,0
1,333,7.81,2.24,44,24,19.068,3.39,11,2,3,1,4,1
1,336,7.78,3.4,34,29,23.338,4.36,16,2,3,1,4,1
1,337,8.22,3.36,60,30,18.553,3.81,12,2,3,1,1,0
1,339,6.51,6.45,37,22,22.05,5.85,19,1,5,2,4,1
1,340,7.82,9.89,21,29,21.872,7.11,11,2,5,1,4,1
1,341,9.66,5.67,20,32,22.58,4.03,18,1,5,1,1,0
1,342,11.05,7.84,22,26,19.531,6.05,25,1,5,1,2,1
1,344,5.07,6.35,42,25,18.314,5.61,14,2,3,1,6,0
1,345,9.04,10.1,36,27,19.004,5.09,11,2,3,2,3,0
1,347,8.24,8.07,25,27,18.026,3.71,17,1,5,1,1,1
1,349,6.17,3.71,47,28,22.6,5.7,15,2,3,2,1,0
1,350,5.98,4.63,49,32,17.928,9.33,14,1,5,1,4,1
1,351,7.81,4.38,33,32,20.029,5.77,15,2,3,1,4,1
1,354,6.27,3.17,32,29,19.91,7.84,14,1,5,2,4,1
1,357,5.28,11.01,33,31,22.349,5.94,20,2,5,2,4,1
1,358,5.2,5.31,31,30,20.08,5.75,14,2,3,2,1,1
1,359,5.27,3.86,52,27,30.062,10.84,38,1,5,2,2,1
1,360,8.04,8.22,53,29,19.183,7.76,19,1,5,1,1,1
1,362,6.17,3.94,50,24,20.088,5.85,8,2,3,1,1,0
1,363,8.9,7.79,33,25,20.812,9.49,15,2,5,1,1,1
1,364,6.94,3.67,26,27,20.797,5.67,11,2,5,1,1,1
1,365,8.82,4.98,64,30,21.077,4.27,17,1,5,1,1,1
1,366,6.9,3.84,34,31,22.1,5.8,18,2,5,2,1,1
1,367,7.49,11.93,41,33,20,9.22,17,2,3,1,1,1
1,368,8.22,3.61,36,30,23.733,7.19,18,2,5,1,1,0
1,369,5.56,3.36,61,25,20.447,3.5,16,1,5,1,1,1
1,370,5.85,5.03,18,32,24.61,3.55,13,1,5,1,1,1
1,371,8.09,5.42,33,27,23.05,7.52,14,2,3,1,4,1
1,372,8.56,0.13,40,28,21.126,4.5,21,2,3,2,1,1
1,373,7.17,5.76,60,31,19.223,6.54,9,2,3,2,4,1
1,374,8.41,2.42,27,29,19.76,3.24,13,1,5,2,1,1
1,376,8.51,5.91,38,25,16.889,3.13,12,1,5,1,1,0
1,377,6.86,5.05,59,31,18.34,9.76,17,2,5,1,1,1
1,378,6.85,5.15,25,29,23.011,7.18,16,2,3,1,2,0
1,379,7.17,4.02,32,30,22.032,5.03,18,2,3,2,2,0
1,380,8.98,7.85,35,27,22.893,2.72,11,2,3,1,1,0
1,382,7.99,4.1,47,25,20.83,2.96,11,2,5,1,1,1
1,383,4.74,3.29,19,33,24.92,5.11,21,1,5,2,1,1
1,384,8.64,7.65,32,26,27.689,6.38,25,1,5,1,2,1
1,385,8.35,9.65,45,29,31.08,11,26,1,5,2,2,0
1,387,8.19,6.76,15,30,20.029,6.3,15,1,5,1,4,0
1,389,7.64,3.17,52,32,21.48,5.34,28,1,5,1,1,1
1,391,7.16,4.84,36,32,30.8,6.74,16,1,5,1,1,0
1,392,9.64,8.18,34,30,16.529,2.9,19,2,5,1,4,1
1,393,7.05,3.11,45,28,22.06,2.74,20,2,3,2,1,1
1,394,5.97,6.16,34,28,20.08,3.09,19,1,5,2,6,1
1,395,7.73,5.43,40,29,20.55,5.94,6,2,5,2,4,0
1,396,4.78,3.47,30,27,20.569,6.42,14,2,5,1,4,0
1,397,7.33,3.61,29,27,19.195,6.03,12,2,5,2,1,1
1,398,7.65,5.52,29,28,27.41,6.85,19,2,5,2,2,1
1,399,6.03,4.32,24,30,21.719,4.95,22,2,3,1,1,1
1,400,6.46,6.81,40,26,19.835,3.89,11,2,5,1,4,1
1,401,8.86,9.48,44,27,17.445,5.52,11,2,3,2,1,0
1,402,5.88,4.46,55,22,27.942,4.93,31,1,5,1,1,1
1,403,7.06,11.83,67,33,24.558,10.82,23,2,3,1,2,1
1,404,7.56,6.19,59,29,20.559,1.86,11,2,5,2,1,0
1,405,7.81,4.07,62,26,21.778,2.56,0,1,5,2,1,1
1,406,8.77,3.18,44,31,19.69,7.43,13,1,5,2,1,0
1,407,7.29,15.26,49,28,27.471,7.16,30,2,5,1,2,1
1,408,4.52,6.77,44,31,34.24,14.22,26,1,5,1,2,1
1,410,8.71,5.41,24,29,27.13,9.71,25,1,5,2,1,1
1,411,6.11,3.6,71,27,23.936,6.84,25,2,5,2,1,0
1,412,7.27,3.54,34,27,25.631,2.61,13,2,3,1,2,1
1,413,5.92,1.75,25,31,24.342,4.22,20,1,5,1,1,1
1,414,5.1,3.46,33,27,21.096,5.19,18,2,3,1,1,0
1,416,7.71,4.05,24,34,24.69,4.54,20,2,5,1,4,1
1,417,7.77,5.85,49,25,17.625,3.06,11,2,3,1,4,1
1,418,7.84,4.4,25,33,21.36,4.03,12,1,5,1,1,1
1,422,11.31,9.86,40,28,20.7,4.39,12,1,5,2,1,0
1,424,6.96,3.76,35,31,21.3,2.35,11,2,3,1,1,0
1,425,7.8,6.21,17,34,19.14,2.7,13,2,5,1,1,1
1,428,9.16,7.02,14,29,16.937,8.29,15,1,5,1,2,1
1,430,5.47,4.65,30,33,22.744,5.35,22,2,5,2,4,1
1,431,6.27,5.98,42,28,20.029,10.39,25,1,5,1,4,1
1,432,7.39,3.91,30,26,22.427,4.16,9,2,5,2,1,0
1,433,11.52,7.67,47,27,20.833,3.19,14,2,3,1,4,1
1,436,7.41,5.75,21,29,32.03,5.9,13,2,5,1,4,1
1,438,8.55,7.01,47,30,23.183,3.17,19,2,5,2,4,1
1,439,7.88,3.34,28,29,24.61,3.88,10,2,5,2,1,1
1,440,5.82,11.07,46,30,18.099,21.57,29,2,3,1,2,1
1,441,7.35,4.17,27,24,22.31,5.65,17,2,5,1,1,0
1,442,5.01,5.02,43,33,19.31,5.27,9,1,5,1,4,1
1,443,11.41,4.98,36,33,19.38,3.89,9,2,3,1,1,0
1,445,9.47,7.33,26,26,20.776,6.15,19,1,5,2,1,0
1,447,7.8,4.99,13,26,20.619,4.83,22,1,5,1,1,0
1,448,6.65,4.96,17,24,19.255,6.27,31,1,5,1,1,0
1,449,4.43,6.89,57,31,23.634,7.11,13,2,3,1,2,0
1,451,6.49,4.99,17,33,21.908,4.65,9,2,3,1,4,1
1,452,5.69,6.33,49,31,24.677,5.26,24,1,5,1,1,1
1,453,6,3.38,54,32,18.611,4.87,17,1,5,1,4,1
1,454,4.3,12.2,44,28,19.228,11.97,26,1,5,1,4,1
1,455,5.09,4.5,37,32,20.94,6.32,12,1,5,1,4,0
1,456,8.25,2.64,37,30,23.111,6.5,20,1,5,2,1,0
1,457,6.87,4.83,31,28,22.49,6.82,21,2,5,1,1,1
1,459,7.82,6.18,33,32,19.918,6.42,14,1,5,2,1,1
1,461,8.02,5.28,17,30,20.658,5.39,25,2,3,2,1,0
1,462,10.11,6.06,64,31,20.904,7.63,15,2,5,1,1,1
1,463,6.67,5.35,20,27,19.82,3.52,22,2,3,2,1,0
1,464,8.27,7.28,44,26,19.289,7.17,25,2,5,2,1,1
1,466,8.53,4.78,37,30,19.289,2.89,11,2,3,2,4,0
1,467,7.97,4.41,33,32,20.196,2.82,15,1,5,1,4,1
1,468,8.82,5.37,20,30,17.782,5.59,15,2,3,1,1,0
1,469,6.23,5.23,36,30,19.38,11.57,18,2,3,1,4,1
1,470,6.57,3.1,20,26,21.096,7.72,20,2,3,2,4,1
1,472,6.33,5.58,51,34,18.026,3.06,11,1,5,2,1,1
1,473,6.02,3.33,28,27,21.19,1.98,16,1,5,1,4,1
1,474,6.36,7.17,29,32,20.285,4.04,13,2,5,1,2,1
1,475,6.29,3.14,24,30,24.655,6.89,18,2,5,2,1,1
1,477,6.45,4.08,8,26,26.564,7.89,24,2,3,2,1,1
1,478,10.15,8.39,49,23,16.797,5.93,18,1,5,1,4,0
1,479,7.02,7.01,74,30,21.208,5.17,14,2,3,1,6,1
1,481,9.12,4.65,39,34,17.715,1.92,13,2,5,2,6,1
1,483,7.04,4.43,28,25,25.778,3.39,14,1,5,2,1,1
1,484,7.75,6.23,37,24,22.06,3.4,11,2,5,2,1,1
1,485,7.32,5.62,24,25,18.29,4.66,8,2,5,1,4,1
1,486,7.11,5.68,27,32,23.233,2.2,14,1,5,2,2,1
1,487,6.57,0.05,47,27,20.69,5.79,17,2,3,2,4,1
1,488,4.47,4.4,38,29,19.234,13.65,19,1,5,1,1,1
1,489,8.97,11.1,55,34,28.999,6.25,20,2,5,1,1,1
1,490,7.02,5.08,40,33,22.769,5.27,14,2,3,1,4,1
1,491,6.61,6.05,38,28,17.778,7.91,23,1,5,1,4,1
1,492,7.97,4.99,52,34,19.76,4.15,17,2,5,2,1,0
1,493,4.82,6.22,51,31,18.314,5.66,13,1,5,1,2,0
1,494,6.09,5.9,14,29,18.871,3.97,22,1,5,2,1,0
1,495,5.48,3.32,53,34,20,7.24,19,1,5,2,1,0
1,497,5.11,4.53,59,23,21.68,6.26,18,2,3,1,4,1
1,498,4.44,3.55,26,33,21.23,6.28,17,1,5,1,1,1
1,499,7.3,2.55,22,31,20.4,5.96,14,1,5,1,1,0
1,500,6,2.9,16,29,22.656,7.56,26,1,5,1,4,1
1,502,7.22,5.1,49,31,22.321,3.2,17,2,5,2,1,0
1,503,5.39,4.63,28,26,21.872,7.83,22,1,5,2,1,1
1,504,7.63,4.65,25,29,23.283,5.51,25,2,3,1,2,1
1,505,10.4,8.74,38,26,19.959,4.94,14,1,5,1,4,1
1,507,7.18,10.44,63,32,18.975,6.79,23,2,3,2,1,1
1,509,6.08,8.57,20,31,17.8,8.35,20,2,3,1,4,1
1,510,7.29,6.05,38,30,18.07,3.59,12,2,3,1,6,0
1,511,6.53,11.12,35,30,28.48,16.37,32,1,5,2,2,0
1,513,8.98,3.91,20,32,22.507,5.77,17,2,5,2,1,0
1,514,7.56,6.19,57,30,21.766,7.95,21,2,3,1,1,0
1,517,7.29,5.09,26,25,19.334,2.89,12,2,3,1,4,0
1,518,6.56,4.8,20,29,19.814,6.37,14,2,5,1,1,0
1,519,6.69,4.23,24,26,25.04,4.06,17,1,5,2,6,1
1,520,5.87,4.53,10,29,20.447,4.54,16,1,5,2,1,1
1,521,6.165,7.91,37,30,19.107,7.76,13,1,5,1,2,1
1,522,7.43,6.67,26,29,19.052,11.13,20,1,5,1,1,0
1,523,8.14,4.44,30,30,19.736,3.31,11,1,5,1,4,0
1,524,6.5,16.85,16,21,28.304,9.66,18,1,5,1,2,1
1,525,7.47,5.22,28,29,19.628,2.82,12,1,5,1,1,1
1,526,7.72,4.39,27,30,20.173,4.16,23,2,5,1,1,1
1,527,7.23,5.71,25,32,20.24,3.68,17,2,3,2,1,0
1,528,11.09,9.55,23,24,18.667,7.44,17,2,5,2,4,1
1,529,4.39,13.82,43,27,25.076,14.4,31,2,5,1,2,1
1,530,7.57,6.27,39,34,23.424,5.08,19,2,5,2,4,1
1,531,7.72,7.01,65,31,20.701,11.81,18,2,3,1,1,1
1,532,10.23,12.47,24,29,25.077,5.57,22,1,5,1,1,1
1,533,8.6,9.64,33,30,19.052,8.25,20,2,5,1,1,1
1,534,7.27,11.45,23,27,24.777,13.97,32,1,5,2,4,1
1,535,6.59,4.47,30,30,19.979,8.83,17,2,3,2,1,1
1,537,6.55,8.09,29,34,27.79,5,25,1,5,2,1,1
1,540,9.93,11.59,70,29,21.778,4.64,27,1,5,2,1,0
1,543,6.42,4.96,49,31,22.308,5.62,19,2,5,1,1,1
1,544,6.06,15.27,51,30,19.628,4.68,29,2,3,1,4,0
1,545,6.22,3.72,26,33,20.449,9.39,23,2,5,1,1,1
1,546,7.47,4.91,48,28,22.583,2.31,14,2,3,2,1,1
1,547,6.92,6.57,45,26,20.661,3.85,18,1,5,1,4,1
1,548,7.25,15.3,43,28,20.006,13.86,29,2,3,1,2,1
1,549,5.78,6.04,24,24,24.65,3.57,14,2,3,1,1,0
1,550,5.46,3.79,20,28,19.563,7.35,20,2,3,2,1,1
1,554,4.93,4.62,34,32,21.17,8.72,19,1,5,1,4,0
1,555,6.55,3.42,51,27,19.959,5.87,16,1,5,2,1,1
1,556,7.82,5.36,38,28,19.141,3.04,14,1,5,1,4,1
1,557,7.68,30.79,33,29,22.1,8.54,15,2,3,2,1,0
1,558,5.68,3.34,18,28,22.039,7.51,8,2,3,1,4,0
1,559,5.58,5.02,27,22,21.36,2.21,10,2,5,1,4,1
1,560,5.83,3.84,54,27,22.583,4.05,16,2,5,1,1,1
1,561,6.84,12.34,43,31,25.797,7.52,31,2,5,1,2,1
1,563,6.88,8.19,52,30,20.313,3.9,25,1,5,2,4,1
1,565,5.98,6.76,68,31,20.559,5.04,17,2,3,1,3,0
1,567,10.93,3.7,21,28,19.47,7.35,23,2,3,2,1,1
1,568,5.81,3.25,27,31,22.318,4.34,18,2,5,1,4,1
1,570,6.21,5.44,32,34,23.62,9.04,15,1,5,2,2,1
1,571,6.36,4.77,25,31,17.962,7.3,20,1,5,1,1,0
1,573,8.79,6.96,55,30,24.342,4.77,23,2,5,2,1,1
1,574,6.28,3.7,38,32,17.482,5.98,17,1,5,1,2,1
1,575,8.31,5.5,24,29,18.08,5.04,15,1,5,2,1,1
1,576,6.63,3.52,42,31,24.24,14.67,25,1,5,2,1,1
1,579,7.02,7.71,56,31,19.879,4.88,15,1,5,1,1,1
1,582,6.8,4.64,36,26,22.266,5.9,20,2,5,2,1,1
1,583,7.01,13.29,24,30,30.801,8.02,30,1,5,2,1,1
1,584,7.96,3.97,40,28,19.1,7.59,16,2,3,1,4,0
1,585,7.65,5.27,61,33,18.314,5.42,19,1,5,2,1,1
1,586,9.91,7.96,52,32,19.979,4.17,10,2,3,1,1,1
1,587,9.32,6.46,30,24,21.908,8.54,24,1,5,1,1,0
1,588,7.53,15.33,46,28,24.836,5.88,14,2,5,1,1,1
1,589,6.57,5.09,33,29,24.23,6.44,16,1,5,2,2,1
1,590,6.16,3.49,36,34,22.27,8.55,25,1,5,2,4,0
1,591,8.9,5.82,49,25,22.833,4.73,10,1,5,1,4,1
1,593,8.8,3.37,58,31,20.701,3.1,13,2,3,1,4,0
1,594,7.34,6.28,30,30,17.998,2.86,11,2,3,2,1,0
1,595,6.57,4.63,57,23,19.628,5.87,20,1,5,1,1,1
1,596,6.2,2.97,24,30,24.14,7.81,19,1,5,1,2,0
1,597,5.37,2.46,15,27,18.827,4.23,13,2,3,2,1,0
1,598,6.29,11.71,24,26,26.107,9.63,27,1,5,2,1,0
1,599,9.03,2.67,53,24,17.898,6.23,16,2,5,1,1,0
1,600,8.44,8.66,35,26,27.548,9.78,23,1,5,2,1,0
1,601,9.05,4.07,37,27,19.91,5.77,13,1,5,1,4,1
1,602,8.04,5.72,38,33,22.31,7.31,15,1,5,1,1,1
1,603,7.71,4.12,8,31,19.531,3.79,17,2,5,1,6,1
1,604,5.79,5.87,20,29,24.69,5.45,16,2,3,1,1,1
1,605,6.15,4.38,58,27,24.088,6.32,17,2,3,1,4,0
1,606,8.4,8.43,41,29,20.797,5.02,21,2,3,1,2,1
1,607,9.54,5.34,24,32,20.83,10.76,15,1,5,2,1,0
1,608,7.17,2.93,30,29,24.65,5.84,16,2,5,1,1,0
1,610,5.64,5.57,49,22,21.929,6.17,16,2,3,2,4,1
1,611,8.49,6.86,34,31,20.76,9.16,24,1,5,1,1,0
1,612,6.64,4.07,24,23,25.631,6.46,10,1,5,1,2,1
1,613,6.64,6.35,58,27,21.631,5.15,18,1,5,1,1,0
1,614,7.7,5.75,52,34,18.359,11.78,14,1,5,1,4,0
1,615,8.06,2.63,24,27,24.768,11.41,27,1,5,1,1,1
1,617,7.21,3.3,32,28,17.746,3.76,15,2,3,1,4,1
1,618,6.39,4.45,26,29,22.656,8.56,15,2,5,2,4,0
1,619,6.54,15.91,32,34,28.508,11.92,37,1,5,2,2,1
1,620,5.69,3.2,21,28,22.376,2.81,13,2,3,2,4,1
1,624,7.9,3.81,53,28,18.08,6.94,16,2,3,1,4,1
1,625,8.01,7.86,27,32,18.819,7.2,16,1,5,1,4,1
1,626,7.22,8.69,36,25,21.22,10.22,20,1,5,2,1,1
1,628,6.4,7.51,69,32,18.827,5.58,14,1,5,2,4,1
1,631,6.92,4.93,27,31,22.959,6,15,2,3,2,4,1
1,633,7.8,11.75,62,24,23.233,12.24,24,2,3,2,2,1
1,634,4.03,3.54,24,23,28.04,3.97,20,2,3,2,1,0
1,635,7.73,3.92,29,34,22.85,5.25,8,2,5,1,1,1
1,636,7.55,6.05,25,27,18.904,4.98,11,1,5,1,4,1
1,637,7.52,5.66,48,26,17.506,2.08,10,2,3,1,1,1
1,638,7.39,2.89,60,33,23.533,5.79,17,2,5,1,3,1
1,640,7.26,4.65,42,28,21.755,3.4,12,2,5,2,1,0
1,641,6.93,3.23,23,28,21.03,9.72,15,2,3,1,1,0
1,642,8.98,5.2,44,31,22.681,4.97,21,2,3,1,1,1
1,643,6.11,5.87,51,33,30.916,4.96,26,2,3,1,2,0
1,644,5.39,10.77,45,29,22.313,23.4,29,2,5,1,2,1
1,646,7.07,3.76,44,28,21.338,5.12,14,1,5,1,4,0
1,648,5.32,4.02,4,30,20.964,13.06,30,1,5,2,2,1
1,650,6.41,3.82,27,27,20.2,7.26,18,1,5,2,1,1
1,651,6.88,5.31,50,26,21.09,4.2,19,1,5,1,1,1
1,652,6.79,5.85,36,27,19.133,4.08,17,2,5,1,3,1
1,653,5.28,3.79,26,32,21.231,4.58,22,2,5,1,1,1
1,654,5.84,3.97,24,26,21.259,8.24,24,2,5,1,4,1
1,655,6.16,12.6,39,29,21.79,9.27,23,2,5,1,2,1
1,657,7.07,4.32,50,30,18.52,5.09,11,1,5,1,2,1
1,658,6.36,2.82,27,34,21.644,3.29,21,2,3,2,1,1
1,662,6.59,1.96,35,28,25.149,3.33,16,2,5,1,4,1
1,663,7.61,7.46,14,32,22.444,7.19,15,1,5,1,4,0
1,665,8.75,12.29,32,29,20.69,5.44,22,2,3,1,2,1
1,669,5.82,4.01,25,24,27.84,7.35,33,2,5,1,2,1
1,671,10.4,3.71,32,34,20.58,3.49,16,1,5,2,4,0
1,672,6.57,10.31,29,27,30.12,11.56,38,1,5,1,1,0
1,673,6.45,3.58,24,30,21.6,3.76,17,2,5,1,4,0
1,674,7.84,19.91,37,25,24.444,4.01,14,2,3,1,1,0
1,675,5.45,4.82,15,30,23.191,9.6,23,1,5,1,1,0
1,677,8.74,3.57,62,31,19.068,5.08,14,2,5,1,1,0
1,678,6.17,4.63,52,30,21.83,3.58,11,2,5,1,4,1
1,679,7.97,7.64,45,30,18.491,6.11,20,1,5,1,4,1
1,680,5.38,2.95,70,28,20.508,7.16,24,1,5,2,1,0
1,681,5.66,4.72,25,31,23.733,7.27,18,1,5,1,1,0
1,682,5.95,5.67,13,22,20.28,2.48,10,2,3,1,4,0
1,683,8.76,5.2,32,31,19.88,4.25,15,2,5,1,4,1
1,684,8.73,4.08,42,28,19.929,5.29,15,1,5,2,1,1
1,686,7.23,3.25,23,31,23.15,5.1,13,2,5,2,1,1
1,687,6.1,6.17,70,33,17.97,3.48,10,1,5,1,1,0
1,688,7.56,2.34,32,25,32.659,5.13,17,2,3,1,4,1
1,689,5.85,6.57,48,34,18.518,7.7,18,2,3,1,4,0
1,690,9.11,4.4,26,31,19.289,4.93,16,1,5,2,1,1
1,691,7.47,6.22,11,31,23.53,8.78,19,2,5,1,1,1
1,692,7.24,5.08,40,27,19.814,5.5,12,1,5,1,1,0
1,693,7.51,12.77,28,27,22.074,9.9,31,1,5,1,4,1
1,694,8.14,3.01,22,33,17.53,8.18,19,1,5,1,1,1
1,699,7.51,8.86,30,22,21.967,6.16,16,2,5,1,4,1
1,701,10.03,5.25,38,34,21.76,4.52,15,1,5,1,1,1
1,703,5.92,15.01,37,30,19.147,18.63,37,1,5,2,1,0
1,704,7.94,8,44,31,19.068,6,16,1,5,1,2,1
1,706,5.12,2.09,37,28,20.429,4.47,13,2,5,1,6,0
1,708,7.98,9.45,55,26,27.993,7.68,29,2,3,1,2,1
1,709,7.38,8.04,25,32,21.094,2.81,11,1,5,2,1,1
1,710,6.07,7.05,44,33,27.054,7.92,19,2,3,1,1,1
1,711,6.41,4.57,41,27,21.359,5.47,19,1,5,1,1,1
1,713,7.77,6.58,20,27,17.625,7.86,16,1,5,1,4,1
1,714,5.78,4.88,58,32,21.644,4.48,9,2,5,1,4,1
1,715,7.36,5.2,28,31,22.89,4.99,27,1,5,2,1,1
1,716,8.8,3.58,49,32,21.368,9.65,13,1,5,2,1,1
1,719,6.81,13.8,38,28,20.429,14.82,28,2,3,1,2,1
1,720,8.52,7.31,47,29,20.08,3.78,14,1,5,1,4,1
1,721,8.28,5.83,58,27,20.569,1.73,10,2,3,1,1,1
1,722,7.35,3.38,40,33,25.64,5.71,21,2,5,2,1,1
1,723,7.01,3.56,28,31,21.631,3.34,14,2,5,1,4,1
1,725,7.6,8.94,30,30,22.321,8.93,13,2,5,1,1,1
1,726,8.15,13.14,40,27,29.032,5.32,27,2,5,1,1,1
1,727,6.66,20.48,12,27,25.477,4.86,14,2,5,1,4,1
1,728,6.96,6.07,19,33,17.19,5.09,17,1,5,1,2,1
1,729,6.2,6.49,74,28,36.738,6.61,29,2,3,1,4,0
1,731,6.45,4.23,56,28,19.1,8.22,21,2,5,2,1,1
1,732,7.57,6.82,25,28,27.89,12.71,19,1,5,2,1,1
1,733,6.53,3.64,53,29,20.937,4.77,15,2,3,2,2,0
1,736,7.93,4.71,31,27,24.836,8.85,18,2,5,1,2,1
1,737,6.04,7.06,47,33,20.173,9.37,29,1,5,2,1,1
1,738,8.71,8.96,46,27,20.576,7.83,14,2,3,1,1,0
1,739,5.78,3.02,25,27,20.701,6.21,14,2,5,2,1,1
1,741,7.94,4.06,32,32,22.68,5.68,22,2,5,1,1,1
1,744,6.42,5.55,21,28,22.59,2.95,14,2,5,1,3,0
1,746,4.7,4.05,27,31,21.72,8.86,22,1,5,2,4,1
1,747,6.52,19.25,36,31,21.872,23.5,45,2,3,1,2,0
1,748,6.24,2.37,35,32,19.563,3.93,13,2,3,1,1,0
1,751,8.1,4.86,36,31,20.83,5.21,21,2,5,1,3,1
1,752,8.65,11.16,48,24,19.297,8.09,13,2,3,1,4,0
1,753,6.72,2.7,27,29,21.094,2.25,16,2,5,1,2,1
1,755,7.13,11.77,25,32,25.721,18.39,41,2,3,2,2,0
1,756,7.57,8.2,41,32,22.94,7.61,16,2,3,1,6,1
1,757,5.56,5.41,31,29,21.126,1.58,15,2,3,1,1,0
1,758,10.09,9.13,55,25,18.222,4.05,22,2,3,1,4,1
1,759,9.34,4.11,13,31,24.558,5.86,17,1,5,1,4,0
1,760,5.71,1.74,10,26,19.835,2.99,21,2,3,2,1,1
1,762,5.53,7.67,39,31,23.725,6.27,17,1,5,1,1,1
2,764,6.81,5.67,32,34,21.926,3.22,10,2,5,2,1,1
2,767,6.44,4.08,29,33,25.911,8.01,30,2,5,1,4,1
2,768,6.82,5.03,42,26,21.875,4.78,17,2,5,1,2,1
2,769,6.48,8.31,45,28,26.898,6.5,21,2,5,1,2,0
2,771,6.83,5.43,50,32,20.889,4.38,26,1,5,2,1,1
2,772,5.93,8.53,28,31,17.69,5.53,16,1,5,1,1,1
2,773,9.9,5.59,29,34,22.214,10.62,22,2,3,1,4,0
2,774,5.71,5.05,3,29,19.26,2.54,12,1,5,2,1,0
2,775,8.21,5.15,74,29,23.702,2.74,12,2,5,1,1,0
2,778,5.27,4.2,18,27,28.251,12.26,19,1,5,1,4,0
2,779,4.86,2.14,24,28,29.74,3.64,13,1,5,2,4,1
2,780,8.32,22.42,72,30,24.35,6.02,27,2,3,1,2,1
2,781,5.39,5.88,46,28,21.99,4.06,16,2,5,2,1,1
2,782,6.09,3.05,32,25,21.12,4.6,15,2,5,1,1,1
2,783,7.36,6.1,40,31,20.45,7.3,22,1,5,2,1,0
2,784,7.44,7.66,46,30,19.025,9.25,14,1,5,2,1,0
2,785,5.94,4.82,34,30,22.137,7.64,19,1,5,1,2,1
2,786,8.07,6.46,32,30,19.1,2.03,18,1,5,1,1,0
2,789,5.88,3.02,15,33,26.35,5.69,15,2,5,2,1,1
2,790,6.77,4.18,62,25,19.141,3.16,7,1,5,1,3,1
2,793,5.66,2.69,39,22,24.887,2.78,15,2,3,1,6,0
2,794,7.73,7.95,59,27,25.53,4.77,15,2,3,2,2,0
2,795,6.89,4.72,37,28,21.09,6.23,15,2,5,1,1,1
2,796,8.26,3.65,39,25,21.936,5.04,19,2,3,1,1,1
2,799,7.34,3.11,23,28,21.09,2.24,8,1,5,1,1,1
2,800,7.34,3.11,23,28,21.09,2.24,8,1,5,1,1,1
2,801,5.35,3.29,35,27,23.139,4.78,17,1,5,1,1,0
2,802,6.34,5.81,17,25,25.778,3.74,22,2,5,2,1,1
2,803,7.52,4.27,18,29,26.898,13.02,23,1,5,1,1,0
2,804,6.66,2.98,32,30,23.42,2.77,12,2,3,1,4,1
2,805,4.83,4.23,31,28,26.667,4.17,15,2,5,2,1,1
2,807,7.56,7.2,66,34,22.477,9.27,17,1,5,1,1,1
2,808,6.97,5.77,33,30,23.44,7.75,18,1,5,1,1,0
2,809,6.38,6.34,67,27,19.721,10.71,30,1,5,2,2,0
2,810,7.96,5.39,29,30,19.563,5.77,15,2,3,1,1,0
2,811,6.51,4.68,47,32,20.429,5.06,12,2,3,2,1,1
2,812,6.67,3.25,46,32,19.34,3.08,9,2,3,2,1,0
2,813,7.58,6.2,20,20,23.068,6.12,22,2,3,2,5,1
2,814,4.74,1.78,32,29,23.73,5.02,13,2,5,2,1,1
2,815,6.02,4.59,66,32,24.61,7.43,17,1,5,1,2,1
2,816,5.91,6.89,34,29,19.835,6.84,19,2,3,1,1,0
2,817,6.15,3.55,18,27,23.936,12.76,17,1,5,1,2,0
2,819,8.5,8.98,49,31,23.101,3.38,17,2,5,2,2,1
2,820,5.5,2,27,34,24.04,6.69,15,2,3,1,1,1
2,821,5.66,1.91,34,29,26.402,6.05,17,2,3,1,1,1
2,823,7.04,6.51,49,33,21.604,4.43,17,2,3,1,1,0
2,825,5.01,6.82,18,28,24.088,7.34,33,2,3,1,1,0
2,826,4.93,2.87,39,29,22.862,3.85,21,2,5,1,1,1
2,827,6.76,6.15,20,29,16.955,8.41,13,1,5,1,4,1
2,829,7.6,7.25,46,25,30.801,11.67,30,2,5,2,1,1
2,831,7.94,5.12,33,27,17.26,3.14,18,2,5,1,1,1
2,833,5.52,3.26,26,27,22.1,3.08,11,2,5,1,1,1
2,834,7.88,2.43,25,33,21.36,4.49,9,2,3,1,4,0
2,836,6.92,4.41,39,27,22.547,6.45,12,2,5,2,1,1
2,837,6.04,4.68,50,30,21.502,6.03,20,1,5,1,1,1
2,838,7.11,5.21,74,30,18.207,6.02,21,2,3,1,1,1
2,840,8.32,6.62,21,31,21.778,8.59,22,2,5,2,1,0
2,841,5.52,3.7,29,32,27.34,9.41,17,1,5,2,1,1
2,842,6.15,6.75,34,25,26.023,7.5,22,2,5,1,1,1
2,844,7.12,4.98,40,25,27.055,5.1,19,2,3,1,2,1
2,845,7.17,5.33,29,29,23.951,13.47,26,1,5,1,1,1
2,846,7.66,4.14,25,26,19.835,3.54,13,2,3,1,1,0
2,847,6.92,7.29,34,26,24.974,6.74,21,1,5,1,2,1
2,848,7.12,4.85,25,28,18.827,5.1,18,2,3,2,4,0
2,849,6.54,5.19,26,27,20.904,9.07,31,2,5,1,2,1
2,850,8.64,4.72,20,28,20.088,5.03,12,2,3,2,1,0
2,851,7.43,9.38,38,24,22.06,8.59,21,2,3,1,1,0
2,852,8.74,5.02,28,28,20.703,4.2,14,2,5,1,1,1
2,854,6.82,18.15,37,30,22.074,21.94,33,2,3,2,4,1
2,855,7.79,14.34,20,29,22.477,8.58,30,1,5,1,2,0
2,856,6.78,3.09,25,32,20.444,4.99,19,2,3,1,4,0
2,858,6.88,12.37,35,32,24.805,5.42,19,2,5,2,2,1
2,859,6.38,3.27,37,33,25.218,3.35,18,2,3,1,1,1
2,860,5.07,3.64,32,30,20.13,7.47,21,1,5,1,1,0
2,861,6.48,6.3,31,30,21.05,7.4,15,1,5,2,1,1
2,862,10.01,6.89,54,29,23.919,3.55,29,2,5,2,1,1
2,865,9.32,5.12,40,31,19.53,4.69,13,2,5,2,4,1
2,866,7.58,3.76,47,31,22.806,6.21,12,1,5,1,4,1
2,867,8.25,2.34,49,21,25,3.12,19,2,3,1,1,0
2,868,6.25,11.96,38,24,22.266,8.13,37,2,5,1,2,1
2,869,8.66,10.62,70,28,21.778,10.51,20,2,5,2,4,1
2,870,8.19,5.39,33,27,20.613,4.12,15,2,5,1,1,1
2,873,7.16,4.32,52,30,20.429,2.14,13,2,3,2,1,0
2,874,5.97,6.54,66,30,20.029,5.59,9,2,3,1,1,1
2,876,6.3,4.39,39,28,23.068,2.68,8,1,5,2,1,1
2,877,4,3.25,17,30,25.4,6.87,21,2,5,2,1,1
2,878,8.1,6.63,24,25,20.31,9.19,18,2,5,1,2,1
2,879,10.15,7.17,28,29,18.827,7.43,23,1,5,2,2,1
2,882,8.57,13.19,68,27,19.563,16.59,22,1,5,2,1,1
2,883,5.3,2.98,21,27,24.465,4.58,16,2,5,1,2,1
2,884,6.44,3.54,23,29,24.341,13.45,17,1,5,2,1,1
2,888,5.92,4.41,23,28,28.04,8.63,17,2,5,1,1,1
2,889,7.3,5.27,49,29,18.07,7.71,30,1,5,2,1,1
2,891,4.89,3.27,31,28,21.621,5.61,19,2,3,1,4,1
2,893,10.05,3.33,19,34,18.195,5.38,15,2,5,1,4,1
2,895,9.56,4.09,11,28,22.06,2.2,10,2,3,1,2,1
2,897,7.59,4.5,11,31,20.281,7.71,17,2,5,1,1,1
2,898,7.07,5.95,28,30,19.35,5.55,22,2,3,1,1,1
2,899,6.84,9.59,22,28,22.6,11.43,29,1,5,1,2,1
2,900,7.55,4.2,27,27,28.72,17.96,20,2,5,1,4,1
2,902,5.8,4,17,26,27.93,8.03,21,1,5,1,1,1
2,903,8.52,4.1,22,32,24.34,6.35,19,2,5,2,1,0
2,904,5.26,1.29,34,32,22.43,3.64,14,2,5,1,1,1
2,905,4.42,6.1,32,24,22.29,7.42,11,1,5,1,1,1
2,906,7.29,4.56,32,29,22.032,7.48,17,2,3,1,4,1
2,907,8.56,6.32,33,28,21.228,4.94,21,2,3,2,2,0
2,909,7.23,3.64,27,31,21.228,5.23,12,1,5,1,1,0
2,910,7.55,3.53,58,25,26.107,2.24,10,2,3,1,2,1
2,911,6.51,5.31,37,32,23.31,7.2,14,1,5,2,1,0
2,912,6.51,5.05,37,30,18.02,5.75,13,1,5,2,1,0
2,913,7.75,4.64,23,31,22.206,3.04,10,2,3,2,1,0
2,914,4.71,2.04,16,30,29.05,3.67,22,2,3,1,4,1
2,915,7.95,7.25,20,27,20.45,5.77,20,1,5,2,1,1
2,917,10.83,4.08,20,29,21.48,3.34,10,2,3,2,4,1
2,918,6.78,5.3,62,26,23.14,6.73,14,2,5,2,1,1
2,920,4.37,4.05,14,30,22.74,6.11,12,1,5,1,1,1
2,921,8.48,12.57,25,28,25.299,17.84,29,1,5,1,2,1
2,922,5.85,3.16,28,31,19.957,6.95,14,2,5,2,1,1
2,925,8.9,8,27,30,19.22,3.71,14,2,5,1,4,0
2,926,7.24,4.15,51,31,19.723,2.71,13,1,5,1,1,1
2,928,5.6,4.13,28,30,26.56,3.93,15,1,5,1,1,1
2,929,6.78,3.89,37,32,26.402,4.15,16,2,5,1,1,1
2,931,8.45,8.84,22,26,23.828,7.51,38,2,3,2,2,0
2,932,5.1,3.4,43,30,21.908,6.75,10,2,3,1,4,1
2,933,7.67,5.37,23,33,26.22,3.45,10,1,5,2,1,0
2,934,7.37,12.44,51,33,22.266,21.04,40,1,5,2,2,1
2,935,5.97,13.64,41,25,20.444,7.46,19,2,3,2,1,1
2,936,7.41,12.94,37,28,24.088,15.32,27,2,3,1,2,1
2,938,6.16,6.16,25,24,24.69,4.15,17,2,5,1,4,1
2,939,5.56,6.1,23,30,22.266,11.38,23,2,5,2,1,1
2,941,8.29,4.07,44,30,18.03,10.72,18,2,3,1,1,0
2,942,5.5,3.61,37,32,21.953,4.53,12,1,5,1,4,0
2,943,5.97,2.58,46,30,22.21,2.14,13,1,5,1,4,1
2,944,7.81,4.32,30,29,19.07,5.05,15,1,5,2,1,1
2,945,8.8,3.94,36,27,21.85,5.31,23,1,5,1,4,1
2,946,8.75,8.94,33,27,30.078,12.97,35,1,5,1,2,0
2,947,7.9,7.73,57,28,19.068,8.79,14,1,5,1,4,1
2,948,5.04,2.93,24,29,23.71,6.06,18,1,5,1,2,1
2,949,6.23,4.56,9,27,24.836,6.04,21,2,3,1,1,0
2,950,6.2,9.91,31,29,20.898,12.14,27,1,5,1,2,1
2,951,7.39,5.4,40,27,22.491,6.92,23,2,3,1,3,0
2,953,8.52,5.06,28,34,19.53,3.76,10,2,5,2,1,1
2,954,8.79,4.61,14,30,20.63,2.49,9,2,5,2,4,1
2,955,6.09,5.29,26,30,22.07,4.44,16,2,3,1,2,1
2,956,5.99,2.92,38,31,19.835,4.89,11,1,5,1,4,0
2,957,6.31,2.85,35,29,17.258,5.22,11,2,5,1,1,0
2,958,6.33,2.04,34,29,26.563,5.64,25,2,5,2,1,0
2,959,6.08,5.13,45,27,23.125,3.59,11,2,3,1,1,0
2,960,6.57,4.79,65,34,19.53,7.75,12,1,5,1,1,1
2,961,9.38,4.61,28,33,21.338,2.73,13,2,3,2,1,1
2,962,6.17,3.09,56,26,19.297,5.09,9,1,5,1,1,0
2,963,8.44,8.57,34,26,22.583,4.05,23,1,5,1,1,1
2,964,7.54,5.44,38,27,24.524,6.53,16,1,5,2,1,0
2,967,7.7,8.21,25,29,18.491,7.23,12,1,5,1,1,0
2,968,5.83,5.56,38,24,24.139,10.46,24,2,5,1,1,1
2,970,8.1,14.7,52,29,24.426,8.82,20,2,5,1,2,1
2,971,8.07,6.84,50,30,18.662,14.59,27,2,3,1,2,1
2,972,6.72,5.09,27,27,23.624,4.87,24,1,5,2,1,1
2,973,6.79,1.86,39,23,19.88,3.06,12,2,5,2,1,1
2,974,7.91,3.62,48,25,21.34,8.94,25,2,3,1,1,1
2,975,7.1,4.99,25,30,22.039,6.49,27,1,5,1,2,1
2,976,4.99,6.12,24,30,22.893,4.69,23,2,3,1,4,0
2,977,5.13,4.52,66,23,19.721,2,13,2,5,1,3,0
2,978,9.93,4.39,1,30,22.547,2.54,13,2,3,2,4,1
2,980,7.8,6.36,23,29,22.406,5.8,22,2,3,1,4,1
2,983,7.33,7.18,31,29,25.204,6.92,22,2,5,1,2,1
2,984,5.21,6.93,18,25,21.613,8.04,29,1,5,1,1,1
2,985,7.1,12.76,26,28,25.391,7.77,26,2,5,1,4,1
2,986,6.15,4.55,30,30,22.432,5.27,21,2,3,2,1,0
2,987,6.56,8.79,44,29,26.564,4.89,24,1,5,1,2,1
2,988,8.1,9.13,17,32,22.376,14.43,33,1,5,1,4,0
2,989,6.91,7.63,33,31,18.591,7.64,16,1,5,2,1,1
2,990,6.03,5.5,44,29,20.937,5.18,9,2,3,1,1,0
2,992,7.26,6.27,49,26,27.937,9.16,33,2,5,2,2,1
2,993,5.56,4.22,35,26,21.358,9.86,17,2,3,2,1,0
2,994,4.85,5.13,52,28,18.48,9.02,27,2,3,1,1,1
2,995,6.92,3.3,21,29,25.69,7.81,17,2,5,2,1,0
2,997,5.15,1.67,25,30,24.97,3.09,14,2,3,1,1,0
2,998,5.39,4.07,27,31,23.828,7.26,25,1,5,2,1,1
2,999,7.48,10.52,61,25,18.697,7.63,26,2,3,1,4,0
2,1000,7.92,13.38,34,30,21.79,10.16,27,1,5,2,2,0
2,1001,7.89,6.57,21,25,23.335,2.06,18,2,5,2,1,0
2,1002,4.7,3.77,21,30,27.64,5.97,22,2,5,2,4,1
2,1003,6.64,2.83,58,28,19.223,9.19,14,2,3,1,3,0
2,1004,7.31,5.46,19,28,24.129,5.31,18,2,5,1,1,1
2,1005,8.36,4.22,49,24,19.531,4.67,16,2,5,2,1,1
2,1006,9.41,18.64,39,28,19.148,4.52,18,2,5,1,2,1
2,1007,7.63,4.36,25,26,18.424,4.09,12,2,3,2,1,1
2,1009,7.15,4.35,32,32,20.32,6.46,13,2,3,1,1,1
2,1010,8.46,15.12,71,33,27.689,9.27,33,1,5,1,2,1
2,1013,8.9,9.1,56,27,22.481,8.96,23,2,3,1,2,1
2,1014,3.95,4.24,23,22,20.937,2.63,18,2,5,1,2,1
2,1015,9.92,9.45,11,31,26.564,23.5,40,2,3,1,2,0
2,1016,6.42,8.61,24,21,20.269,6.26,15,2,3,1,4,0
2,1018,6.69,6.83,31,27,29.3,3.07,29,2,5,2,1,1
2,1020,7.39,3.11,64,29,22.406,3.96,18,2,3,2,4,1
2,1021,8.12,13.66,57,27,29.242,7.8,27,1,5,1,4,1
2,1022,9.3,14.74,72,32,25.352,7.19,18,1,5,1,4,0
2,1024,6.41,4.53,25,28,21.36,12.29,23,1,5,1,2,1
2,1025,6.26,4.95,33,31,25.39,5.14,19,2,3,2,2,1
2,1026,6.28,3.61,36,27,21.644,3.46,10,1,5,1,4,1
2,1027,5.22,5.62,21,28,28.835,8.45,21,2,5,1,2,1
2,1028,6.65,10.51,59,27,27.099,7.69,28,1,5,1,2,1
2,1030,6.19,8.52,69,28,18.75,7.27,24,1,5,2,1,1
2,1031,6,10.52,62,34,20.478,7.01,20,2,5,2,1,1
2,1032,6.23,4.45,44,31,25.78,8.05,18,1,5,1,1,1
2,1033,5.62,5.03,39,27,23.052,6.11,21,1,5,2,4,0
2,1034,8.24,5.19,26,34,22.92,3.44,13,2,5,2,1,1
2,1037,9.44,4.8,26,32,17.333,6.2,9,1,5,1,3,1
2,1040,7.72,4.57,24,27,27.182,2.7,21,2,3,2,1,0
2,1041,7.65,2.28,37,28,23.725,5.73,17,2,3,1,1,1
2,1042,6.48,2.35,23,33,24.314,5.35,18,2,3,2,4,1
2,1043,7.76,5.88,39,31,24.088,6.55,20,2,5,1,2,1
2,1044,5.08,5.29,26,29,23.62,3.73,12,1,5,2,4,1
2,1045,5.52,5.07,29,32,20.89,6.18,17,1,5,1,2,0
2,1046,9.87,3.75,21,28,20.438,5.55,20,2,3,1,1,0
2,1047,7.7,7.33,34,29,19.467,8.55,22,2,5,1,4,1
2,1048,7.28,6.51,57,30,20.447,5.47,17,2,3,2,1,0
2,1050,4.93,4.09,21,28,21.67,3.42,11,2,5,1,1,1
2,1051,8.82,3.3,17,29,25.78,3.09,11,2,5,2,1,1
2,1052,6.36,10.48,21,26,20.893,10.1,22,2,5,2,1,1
2,1053,5.85,2.96,67,26,23.533,4.74,10,2,3,1,1,1
2,1055,5.52,10.01,56,26,22.854,5.15,31,1,5,1,1,1
2,1056,7.73,5.23,44,21,22.231,4.65,21,2,5,1,4,1
2,1057,8.65,5.02,38,31,22.863,9.27,16,2,5,1,1,0
2,1058,6.17,2.66,41,26,27.539,8.34,14,2,5,1,4,1
2,1060,5.54,3.26,26,31,21.484,9.27,15,2,5,1,2,0
2,1061,4.85,3.41,29,29,22.893,4.69,22,1,5,1,2,0
2,1062,7.03,5.28,26,33,20.12,3.6,9,2,5,1,1,1
2,1063,6.96,4.24,22,32,22.942,3.32,22,2,5,2,4,1
2,1064,5.99,2.53,24,27,31.89,6.15,26,2,3,1,1,0
2,1065,6.77,3.82,37,30,23.12,4.4,17,1,5,2,1,1
2,1066,7.75,4.86,53,30,22.37,4.12,14,1,5,2,1,0
2,1067,8.16,11.92,34,29,26.839,17.22,23,1,5,2,1,0
2,1068,5.34,8.7,25,27,21.78,7.35,20,1,5,2,2,1
2,1069,7.79,7.52,31,29,21.193,10.22,24,2,3,1,1,0
2,1070,5.71,5.74,41,27,24.609,9.92,25,2,5,1,2,1
2,1071,6.23,9.95,55,30,19.38,5.38,10,2,3,1,2,1
2,1072,8.03,4.03,25,27,25.283,4.63,20,2,3,2,1,0
2,1073,6.27,4.57,21,26,21.48,8.22,19,1,5,1,1,0
2,1074,8.23,6.64,54,25,22.481,4.7,14,1,5,1,4,0
2,1075,4.78,1.67,16,29,30.66,5.85,20,2,5,1,4,1
2,1076,7.42,7.74,30,28,20.83,4.52,16,2,5,1,1,1
2,1077,7.1,4.43,42,29,23.438,5.24,26,2,5,2,2,1
2,1078,7.03,5.33,62,28,19.835,3.37,20,2,5,2,1,1
2,1079,5.05,5.19,59,30,18.553,2.88,11,1,5,1,1,1
2,1082,6.72,4.45,33,31,21.359,5.24,17,2,5,2,1,0
2,1083,6.42,1.78,36,27,22.893,8.54,20,2,5,1,2,1
2,1084,10.09,7.54,35,32,24.747,8.93,14,2,3,2,4,1
2,1085,7.61,6.04,35,30,22.266,5.93,17,1,5,2,1,0
2,1086,6.16,13.68,67,29,24.167,7.8,36,1,5,1,2,1
2,1088,7.24,1.73,37,30,24.655,6.32,25,1,5,1,6,1
2,1089,6.84,3.42,35,33,17.63,4.64,12,1,5,1,4,1
2,1090,7.72,4.03,35,28,22.959,3.36,13,2,3,1,4,0
2,1091,7.99,5.57,15,25,22.583,7.58,16,2,3,2,4,0
2,1092,5.9,4.26,34,29,19.473,6.16,14,1,5,1,1,1
2,1094,6.66,5.98,29,31,19.814,8.49,18,2,5,1,2,1
2,1096,3.98,5.32,15,31,20.195,8.1,22,1,5,1,2,0
2,1097,8.07,7.19,44,27,17.528,3.74,19,1,5,2,1,0
2,1098,6.04,1.95,18,25,22.229,6.4,15,1,5,1,6,1
2,1099,5.75,6.26,59,30,21.68,6.73,17,2,3,2,6,1
2,1100,8.07,11.82,31,30,23.5,11.05,19,1,5,1,1,1
2,1101,6.77,4.51,27,25,28.98,3.64,20,2,5,2,1,1
2,1102,4.96,5.37,31,26,23.919,13.29,20,2,5,1,1,1
2,1103,8.46,8.79,39,25,26.709,5.79,15,2,3,1,1,0
2,1105,7.9,3.89,48,31,20.661,4.74,19,1,5,1,2,0
2,1106,7.94,5.36,33,31,22.38,5.52,9,1,5,1,1,1
2,1107,5.71,5.03,25,30,21.01,6.72,13,1,5,1,2,0
2,1109,7.32,8.7,34,29,21.083,11.28,31,1,5,1,4,1
2,1110,7.05,2.08,25,31,24.35,8.45,28,2,3,1,4,0
2,1111,5.65,4.07,33,28,20.195,3.51,23,1,5,2,1,1
2,1112,6.07,5.74,35,24,22.137,5.84,27,2,5,1,3,1
2,1113,7.53,3,11,33,19.23,3.64,9,2,3,1,4,0
2,1114,9.56,6.54,40,26,25.712,8.21,33,2,5,1,2,1
2,1115,6.77,4.43,49,22,20.63,4.31,17,1,5,1,1,0
2,1117,8.42,7.52,26,28,22.893,5.88,12,1,5,2,2,0
2,1118,9.72,3.98,44,26,22.074,4.29,10,2,5,2,1,1
2,1119,8.54,17.49,27,30,21.875,5.31,15,2,3,1,2,1
2,1121,6,9.89,38,30,21.872,9.99,25,2,3,1,4,0
2,1123,9.19,2.96,46,32,25.888,6.04,21,2,3,1,1,1
2,1124,6.65,2.21,39,34,22.214,5.58,13,1,5,2,1,0
2,1125,6.23,7.11,26,33,22.266,5.84,13,2,5,2,1,1
2,1126,9.68,8.94,23,32,32.47,10.66,29,2,5,1,1,1
2,1127,7.65,7.68,35,24,24.524,5.1,18,2,3,1,1,1
2,1128,8.55,7.47,32,29,22.31,8.02,16,1,5,1,2,0
2,1132,5.29,2.65,20,30,26.438,6.08,24,2,5,1,1,1
2,1133,6.05,16.79,55,25,26.479,23.28,34,2,3,1,2,1
2,1135,8.36,6.15,31,27,21.111,7.1,16,1,5,2,1,1
2,1136,7.04,4.72,41,34,22.806,6.42,15,2,5,2,1,1
2,1137,6.82,2.54,23,33,25.15,4.21,16,2,3,1,1,0
2,1138,7.65,4.57,45,31,21.37,14.05,18,1,5,2,1,0
2,1139,6.27,4.42,43,32,23.191,3.26,13,1,5,2,1,1
2,1140,8.89,5.39,30,28,21.914,4.48,17,2,3,2,4,1
2,1143,6.19,5.44,55,27,20.932,21.23,39,1,5,1,1,1
2,1144,8.74,6.3,55,29,21.774,1.92,11,2,3,1,1,1
2,1145,5.71,2.58,21,32,28.13,3.46,20,2,5,1,1,1
2,1146,6.16,3.21,19,31,24.01,6.82,16,1,5,2,1,0
2,1147,5.31,5.32,46,28,18.671,20.43,30,1,5,2,2,1
2,1148,5.46,4.01,26,28,20.96,2.26,14,2,5,1,1,0
2,1149,4.11,1.58,13,31,22.99,7.65,23,1,5,1,2,0
2,1150,6.98,3.85,19,26,23.309,5.71,14,2,5,1,4,0
2,1151,7.02,18.43,36,22,22.769,8.73,24,1,5,1,2,1
2,1152,8.82,5.91,68,27,20.343,15.02,30,1,5,1,4,1
2,1153,7.21,5.02,19,29,24.802,6.06,24,2,5,1,2,0
2,1154,4.69,5.46,35,31,24.06,8.06,19,2,5,1,1,1
2,1155,8.12,4.43,11,32,24.8,4.73,9,1,5,1,4,0
2,1156,8.72,3.44,44,31,20.03,2.65,10,2,3,1,1,1
2,1157,6.16,9.22,47,26,24.238,12.16,30,2,3,2,2,1
2,1158,7.22,7.88,26,32,26.913,16.26,17,2,5,1,1,1
2,1159,7.11,8.37,50,23,25.104,12.12,26,2,3,1,2,1
2,1160,6.61,2.62,36,26,24.139,10.28,24,2,5,2,1,1
2,1162,6.32,4.54,48,34,21.231,6.22,15,2,3,1,2,0
2,1163,8.44,4.2,50,32,19.724,3.87,15,2,5,2,1,0
2,1164,7.14,5.21,29,29,21.631,11.26,26,2,3,1,2,1
2,1165,8.61,3.97,24,31,24.161,3.55,12,2,5,1,4,1
2,1166,6.1,13.67,59,26,19.922,14.37,46,1,5,1,1,1
2,1168,7.89,15.29,18,29,21.094,12.19,37,1,5,1,2,0
2,1169,5.98,2.92,12,31,24.219,7.5,20,2,5,2,1,1
2,1171,6.88,6.44,33,34,21.395,7.32,14,2,3,1,4,1
2,1172,4.96,3.01,34,30,22.86,10.06,23,1,5,1,1,1
2,1173,7.26,7.11,59,29,24.088,8.99,14,1,5,2,3,0
2,1174,5.21,2.44,34,33,22.583,3.29,14,2,3,1,2,0
2,1175,6.48,3.48,37,33,25.86,4.65,17,2,3,1,4,1
2,1176,6.91,5.28,41,34,21.484,4.07,16,2,3,2,1,0
2,1178,8.22,6.3,20,27,17.401,9.26,13,2,3,1,2,0
2,1179,6.39,5.45,23,27,22.032,9.07,27,2,3,1,1,1
2,1180,7.68,6.78,36,30,24.77,9.56,18,1,5,2,1,1
2,1181,7.65,5.97,38,26,18.13,10,28,1,5,1,4,0
2,1182,5.24,3.21,48,31,23.052,3.82,14,2,5,2,1,1
2,1183,8.95,2.71,45,29,24.878,4.11,12,2,5,2,1,0
2,1185,8.81,6.95,24,30,24.064,5.93,13,2,3,1,2,1
2,1186,7.52,4.03,27,32,19.473,7.06,16,2,3,1,2,1
2,1187,6.94,5.15,52,29,21.025,3,26,1,5,2,4,1
2,1188,5.35,4.57,33,26,19.223,4.96,17,2,5,2,1,1
2,1190,9.62,10.09,18,27,25.712,4.14,20,2,3,2,4,1
2,1191,5.13,4.55,39,24,21.208,8.38,17,1,5,1,1,1
2,1192,6.9,3.35,21,34,25,2.8,18,2,3,2,1,0
2,1193,9.98,6.53,41,23,17.625,3.76,15,1,3,1,1,0
2,1194,6.44,10.25,66,30,26.486,6.61,20,2,5,1,1,1
2,1195,6.67,6.42,67,29,20.703,7.17,20,2,3,1,4,1
2,1197,6.8,4.57,26,30,25.559,3.82,15,1,5,1,4,1
2,1199,7.01,5.01,44,27,21.76,4.06,20,1,5,2,1,1
2,1200,6.84,2.86,13,27,25.1,5.58,22,2,5,1,1,1
2,1201,6.92,3.71,44,34,25.778,4.94,8,2,3,2,4,0
2,1202,5.71,1.88,57,33,24.655,5.34,14,2,5,2,1,0
2,1203,7.31,19.98,30,30,21.096,5.99,21,2,5,1,2,0
2,1204,9.02,5.6,35,32,20.96,7.79,14,2,5,2,1,1
2,1206,7.53,3.81,34,23,28.889,4.1,15,1,5,1,1,0
2,1207,7.95,4.95,30,31,26.84,4.64,22,2,5,2,4,1
2,1208,7.04,3.19,28,32,19.15,2.27,8,2,5,2,1,1
2,1209,6.49,4.54,9,28,27.411,9.25,20,1,5,1,4,1
2,1210,7.65,3.95,33,31,27.77,5.04,6,1,5,2,4,1
2,1211,6.57,4.5,28,27,21.22,5.91,11,1,5,1,4,0
2,1212,9.06,6.44,22,33,26.63,9.98,25,1,5,2,2,1
2,1213,7.05,2.67,49,29,22.806,1.44,19,1,5,1,1,0
2,1214,8.42,4.79,28,31,25.217,2.7,21,2,5,1,4,1
2,1216,7.72,7.59,21,27,26.699,8.49,17,2,5,2,1,1
2,1217,7.55,3.18,31,27,23.34,2.58,10,2,5,2,1,1
2,1218,5.82,5.09,20,30,22.507,5.69,21,2,5,1,4,1
2,1219,7.48,3.66,12,29,23.634,8.25,14,1,5,1,2,1
2,1220,5.71,4.81,46,30,33.76,8.18,45,1,5,1,2,1
2,1221,7.5,5.1,36,31,20.029,8.19,19,1,5,2,1,0
2,1222,6.36,3.31,23,29,25.217,2.87,14,2,5,1,1,1
2,1223,6.54,3.54,26,26,20.429,3.72,19,2,5,1,4,1
2,1224,5.84,2.69,31,29,26.24,8.78,18,1,5,1,4,0
2,1227,6.99,7.67,29,33,17.58,4.63,17,1,5,1,1,0
2,1228,5.98,3.23,50,32,21.929,7.07,16,1,5,2,1,0
2,1229,4.09,1.05,57,33,24.414,7.12,27,1,5,1,2,0
2,1230,7.42,5.79,31,30,24.24,8.89,14,2,5,1,1,0
2,1231,6.62,5.6,22,28,22.032,5.98,19,2,3,1,1,0
2,1233,8.06,5.94,17,30,25.53,11.61,17,1,5,1,4,1
2,1234,5.42,3,20,33,24.33,4.45,15,1,5,2,1,1
2,1236,7.05,7.35,30,30,25.391,9.46,13,1,5,2,4,1
2,1239,7.11,3.17,11,31,26.896,4.67,18,2,3,1,1,0
2,1240,7.48,4.14,33,26,25.848,7.92,18,2,3,2,4,1
2,1241,9.19,4.55,44,34,20.45,5.68,12,2,3,2,4,1
2,1242,5.86,13.73,47,25,22.893,15.41,39,2,5,1,2,1
2,1243,7.52,3.56,17,29,23.125,5.66,19,2,3,1,4,1
2,1244,5.68,6.94,30,32,29.938,12.5,25,1,5,1,2,0
2,1245,7.26,3.1,34,24,23.03,7.09,28,2,3,2,2,1
2,1247,7.06,3.46,10,32,24.456,7.71,26,1,5,2,1,1
2,1248,6.81,2.98,27,27,23.14,5.23,29,2,5,1,1,1
2,1249,9.84,9.4,41,32,23.14,13.68,26,2,5,2,1,0
2,1250,7.34,3.61,32,32,22.432,2.55,13,2,5,1,1,0
2,1251,6.64,1.76,25,32,24.465,3.99,15,1,5,2,1,1
2,1254,6.98,3.77,45,34,23.15,4.41,15,1,5,2,1,0
2,1255,6.67,4.08,24,33,20.576,5.59,13,2,5,2,1,1
2,1256,7.33,9.19,45,25,30.84,4.62,27,1,5,1,1,0
2,1257,7.8,13.26,33,30,23.624,9.95,17,2,5,1,1,1
2,1258,5.69,2.3,26,32,23.26,4.85,13,2,3,1,4,0
2,1259,8.74,7.46,41,30,18.819,7.03,19,2,3,1,2,0
2,1261,3.85,3.22,39,32,27.874,4.15,16,2,3,2,1,0
2,1262,5.3,4.66,20,31,17.97,2.57,13,1,5,1,1,0
2,1265,5.52,4.05,15,32,21.41,5.01,12,1,5,1,1,1
2,1266,6.34,4.96,44,29,24.435,5.93,13,2,3,1,4,0
2,1267,7.26,4.7,36,30,22.761,9.41,24,2,5,2,1,1
2,1269,6.9,1.97,23,29,24.03,5.45,27,2,3,1,1,0
2,1270,5.22,4.2,50,29,19.948,2.43,14,2,3,1,4,0
2,1271,6.98,7.15,38,32,20.703,5.33,15,2,5,1,1,1
2,1273,4.81,2.55,31,27,24.035,6.69,15,1,5,1,1,1
2,1274,8.8,8.94,30,28,19.141,7.45,17,1,5,2,1,1
2,1275,10.35,9.3,34,32,22.72,7.86,11,1,5,2,1,0
2,1276,5.01,5.47,27,34,19.141,6.68,18,2,5,2,1,0
2,1277,6.99,10.81,29,27,22.06,3.21,16,1,5,2,1,1
2,1279,8.11,5.84,22,24,17.58,3.21,18,2,3,2,1,1
2,1281,5.83,3.06,36,29,20.904,2.05,17,2,5,1,1,0
2,1282,6.13,3.37,23,32,22.37,4.65,15,2,3,1,1,0
2,1283,5.09,6.2,25,32,26.839,7.65,28,2,5,1,2,0
2,1284,5.86,10.1,42,31,32.25,5.2,22,2,3,1,1,0
2,1285,8.26,3.88,23,32,21.484,4.36,12,1,5,2,4,1
2,1287,8.62,3.53,25,21,24.99,2.97,18,1,5,1,1,0
2,1290,8.63,5.08,18,28,22.676,6.08,11,2,5,2,1,1
2,1291,6.96,6.01,49,26,22.432,6.88,18,2,3,2,1,0
2,1292,4.36,9,27,33,26.37,8.1,22,2,5,2,2,1
2,1293,7.98,3.44,19,27,19.91,4.36,13,2,5,1,1,1
2,1294,8.02,5.11,47,28,21.77,10.6,28,2,3,2,1,0
2,1296,7.54,2.58,16,28,18.71,4.92,9,2,3,1,4,0
2,1298,8.14,5.63,38,31,21.633,8.58,22,1,5,1,4,1
2,1300,6.19,10.13,53,31,30.757,11.49,37,2,3,2,2,1
2,1301,6.25,5.51,8,26,24.142,7.5,17,1,5,1,4,1
2,1302,5.42,3.61,20,29,24.035,5.11,15,1,5,2,1,1
2,1303,7.25,7.38,42,31,19.531,4.35,14,2,5,1,1,1
2,1304,5.94,7.32,57,28,24.456,16.09,19,2,5,2,2,1
2,1305,6.25,2.8,43,28,19.979,2.73,12,1,5,1,1,1
2,1306,8.52,11.85,37,32,25.89,5.94,22,1,5,1,1,1
2,1307,6.51,5.26,25,26,21.077,4.67,18,1,5,1,2,1
2,1308,6.77,17.32,39,29,22.656,9.18,23,2,5,1,4,1
2,1309,7.15,3.32,29,31,25.559,11.21,30,1,5,1,2,1
2,1310,5.12,3.98,39,31,18.518,3.72,9,2,5,2,1,0
2,1312,9.17,4.85,36,26,21.5,2.3,12,1,5,1,4,1
2,1314,6.4,5.36,21,31,20.797,1.32,10,2,3,2,4,0
2,1315,6.66,3.9,35,28,26.986,5.98,15,1,5,2,1,0
2,1317,6.13,4.86,70,23,21.545,8.28,16,2,3,1,4,1
2,1318,7.64,14.37,72,29,28.099,11.07,10,2,5,2,3,1
2,1319,4.5,2.85,27,32,25.78,13.74,27,2,5,1,1,1
2,1320,3.96,4.69,64,27,21.228,12.06,25,1,5,1,2,1
2,1321,6.12,6.57,3,28,20,10.77,31,2,3,1,4,0
2,1322,5.93,2.63,32,32,21.62,8.04,14,1,5,2,1,0
2,1325,5.33,3.81,39,30,20.513,10.45,23,2,3,1,2,0
2,1326,5.25,4.33,35,26,19.922,7.53,20,2,5,1,4,1
2,1327,4.83,2.11,21,29,19.487,6.52,10,2,3,1,4,0
2,1330,7.28,8.03,44,28,22.495,6,17,1,5,1,4,1
2,1331,8.07,3.77,41,31,19.721,2.11,14,1,5,1,2,1
2,1332,8.01,4.11,28,33,26.563,5.8,19,2,5,2,1,1
2,1333,6.13,1.71,51,33,25.965,10.26,19,2,3,1,1,0
2,1334,5.67,8.07,41,25,23.335,11.75,21,2,5,1,2,1
2,1335,4.77,4.38,46,27,22.547,17.5,28,2,5,2,1,1
2,1336,7.71,6.79,35,30,20.658,4.86,13,2,5,2,4,1
2,1337,6.85,3.65,27,25,25.965,15.51,35,1,5,2,4,1
2,1338,3.99,4.78,34,31,20.117,12.24,14,1,5,2,2,1
2,1339,6.31,3.74,23,24,25.217,9.26,30,2,5,2,1,0
2,1340,7.04,7.18,38,26,20.812,8.1,16,1,5,1,1,0
2,1342,6.93,3.33,52,30,21.99,6.52,18,2,5,2,1,1
2,1343,5.62,2.6,30,28,26.44,3.78,17,2,5,1,1,1
2,1344,5.87,3.75,63,31,27.99,4.36,23,1,5,2,1,1
2,1345,7.31,4.38,53,28,21.23,5.88,18,1,5,1,4,1
2,1346,3.87,3.75,28,29,25.78,9.11,16,2,3,2,2,1
2,1347,6.97,8.25,61,29,27.391,3.89,22,2,3,1,2,1
2,1348,6.51,7.05,23,29,22.1,4.82,18,2,3,1,4,0
2,1349,6.82,3.16,26,32,23.147,9.5,13,1,5,2,2,1
2,1350,6.72,5.69,62,29,22.308,6.87,19,1,5,1,2,0
2,1351,6.7,2.13,16,28,24.38,6.1,25,1,5,2,1,1
2,1353,7.32,9.58,71,23,36.513,4.52,21,2,5,2,1,0
2,1354,6.73,4.73,27,25,18.591,4.31,17,2,3,1,4,1
2,1355,5.37,2.35,55,33,22.547,5.66,15,2,3,2,4,1
2,1356,5.29,7.15,46,31,23.004,12.81,26,2,5,2,1,0
2,1357,4.78,6.25,49,32,30.853,4.98,33,2,5,2,2,1
2,1358,6.58,2.7,24,33,21.27,6.44,12,1,5,2,1,1
2,1360,9.21,9.43,25,26,25.217,13.69,27,1,5,1,2,0
2,1362,6.84,5.92,36,27,18.583,6.4,15,1,5,1,4,1
2,1363,7.23,9.1,25,30,20.447,4.34,23,2,3,1,2,1
2,1364,7.44,3.06,49,31,21.228,9.19,14,1,5,2,1,1
2,1365,6.15,7.24,51,30,28.162,38.24,26,2,3,1,2,0
2,1366,7.71,4.01,37,30,20.029,7.83,11,2,5,2,4,1
2,1367,4.84,10.96,36,28,27.94,6.94,15,1,5,1,4,1
2,1368,6.26,4.7,18,29,25.97,1.18,21,2,3,1,1,0
2,1369,7.68,4.27,46,29,20.029,3.8,12,2,5,1,1,1
2,1370,6.33,2.89,42,34,22.21,3.33,8,2,5,2,1,1
2,1372,6.07,3.58,47,22,21.604,3.38,11,2,3,1,1,0
2,1375,6.19,3.47,20,29,16.649,8.55,15,1,5,2,1,1
2,1377,5.21,5,32,25,26.223,11.34,20,2,3,1,1,1
2,1378,6.29,5.31,39,31,20.904,4.88,16,2,5,1,4,0
2,1380,8.24,4.97,32,29,22.406,7.28,17,2,5,2,1,1
2,1383,5.16,2.46,24,34,21.048,6.16,21,2,3,1,1,0
2,1384,6.01,9.01,65,28,26.129,12.92,26,1,5,2,2,1
2,1386,7.01,3.14,22,29,26.95,7.75,18,2,5,2,1,0
2,1387,6.68,4.25,45,24,28.353,6.86,21,1,5,1,2,1
2,1388,7.85,4.23,46,23,23.92,5.31,14,2,5,1,1,1
2,1389,7.46,4.43,38,33,22.206,9.12,23,1,5,2,1,1
2,1390,6.32,7.71,24,28,23.233,4.87,19,2,5,2,4,0
2,1391,5.51,5.21,33,28,20.833,8.38,35,2,5,1,1,0
2,1392,3.89,4.86,28,31,22.507,8.56,35,2,5,2,2,1
2,1393,5.06,3.56,45,27,20.195,6.58,20,2,5,2,1,1
2,1394,5.88,3.32,28,28,18.861,6.39,15,1,5,2,1,1
2,1395,6.11,5.54,28,29,23.225,8.16,21,2,5,2,2,1
2,1396,4.57,2.25,24,28,22.893,4.38,11,2,3,1,1,0
2,1398,6.39,5.79,46,26,23.875,3.96,13,2,3,1,4,1
2,1400,6.26,3.46,21,29,21.641,2.92,9,2,3,2,1,1
2,1401,6.24,3.31,64,28,23.733,4.41,14,2,5,1,4,1
2,1402,8.42,6.96,24,34,22.83,5.75,10,1,5,1,4,0
2,1403,6.72,3.1,28,34,20.8,3.88,5,1,5,2,1,1
2,1404,4.73,2.93,19,29,22.074,5.16,15,1,5,1,1,0
2,1406,5.61,7.23,21,29,27.293,11.06,31,2,3,1,2,1
2,1407,6.92,6.63,70,28,25.537,15.22,31,1,5,1,2,1
2,1409,7.71,5.14,30,29,24.68,8.43,14,2,5,2,1,1
2,1410,6.11,6.7,26,34,26.723,12.45,58,1,5,1,2,0
2,1411,6.39,4.27,15,28,20.285,3.66,22,2,5,2,1,0
2,1412,6.9,3.58,18,28,19.531,4.49,13,2,3,1,4,1
2,1413,5.59,5.29,33,32,19.467,9.76,31,1,5,2,4,1
2,1416,6.38,5.42,33,29,24.56,9.79,23,2,3,2,1,0
2,1417,4.58,6.35,29,29,29.271,12.64,40,2,5,2,4,1
2,1418,8.34,7.86,43,29,18.164,5.81,17,2,5,1,1,1
2,1419,8.28,5.83,29,29,23.438,10.18,11,2,5,2,4,1
2,1421,7.14,3.59,23,34,21.75,4.55,15,1,5,2,1,0
2,1422,7.8,4.54,50,29,21.096,2.99,8,2,3,1,1,0
2,1423,6.06,3.69,57,31,22.481,3.75,14,2,3,2,1,1
2,1424,8.28,10.83,30,27,21.99,23.5,44,2,5,1,2,1
2,1425,6.43,10.59,41,30,28.934,13.46,33,2,5,1,2,1
2,1426,5.18,4.39,19,27,31.22,5.07,20,1,5,1,4,1
2,1428,6.66,5.79,28,27,24.219,5.39,18,2,5,2,1,1
2,1429,6.81,6.72,36,27,23.495,2.75,13,2,5,1,4,1
2,1430,7.43,5.96,20,25,23.805,5.43,13,1,5,2,1,0
2,1431,7.01,3.29,58,32,25.965,2.89,20,1,5,1,1,1
2,1432,6.72,3.79,48,25,21.48,5.99,21,1,5,2,1,1
2,1434,7.33,9.95,51,27,24.395,4.94,18,1,5,1,1,0
2,1437,7.21,4.91,46,34,20.03,2.81,9,2,3,1,1,0
2,1440,5.44,2.92,32,31,19.596,13.79,31,2,5,1,1,0
2,1441,7.38,6.73,44,30,19.467,7.21,26,1,5,2,2,1
2,1442,6.8,3.42,44,32,22.6,11.15,36,1,5,2,2,1
2,1443,6.48,4.49,13,25,16.88,3.79,10,2,3,1,4,0
2,1445,5.04,6.65,49,29,29.688,10.94,23,2,5,1,2,1
2,1446,9.57,6.84,24,32,19,7.27,19,1,5,2,1,0
2,1447,7.14,10.02,17,30,15.59,6.23,25,2,3,2,2,0
2,1448,6,12.32,18,32,22.522,19.28,36,2,3,2,2,0
2,1449,7.88,11.19,46,31,23.011,10.2,35,1,5,1,1,1
2,1450,7.45,3.95,29,34,22.893,5.34,26,2,3,2,1,1
2,1451,7.59,6.54,45,31,22.959,14.97,31,2,3,1,2,1
2,1452,6.25,17.17,34,27,22.348,13.75,25,1,5,1,2,1
2,1454,8.98,4.23,25,32,26.438,4.05,14,2,3,2,4,1
2,1456,6.42,1.34,46,25,31.217,4.14,11,2,5,1,5,1
2,1457,7.81,6.61,45,30,24.65,11.32,40,2,3,1,1,0
2,1458,6.51,5.08,34,27,23.34,6.17,28,1,5,2,2,1
2,1463,7.13,4.36,60,22,25.637,2.94,17,2,3,1,1,1
2,1465,7.25,7.52,58,27,19.396,3.59,18,2,3,1,1,0
2,1466,5.31,2.01,24,33,21.644,5.35,17,1,5,2,1,1
2,1468,6.3,3.67,42,27,24.342,9.52,17,2,5,1,1,1
2,1469,5.91,6.9,25,31,21.79,8.45,15,2,5,2,1,1
2,1470,6,5.1,48,33,21.368,12.2,24,1,5,1,4,1
2,1471,7.29,4.91,52,31,21.99,6.79,15,2,5,2,1,0
2,1472,7.49,7.81,50,26,22.432,11.27,32,2,3,1,2,1
2,1476,5.64,4.07,47,29,21.872,5.03,29,1,5,2,1,0
2,1477,6.57,4.17,5,26,24.238,4.57,17,2,5,2,1,1
2,1478,6.24,6.82,36,23,22.06,5.09,29,2,5,1,4,0
2,1479,3.92,2.23,46,26,30.043,8.31,23,1,5,2,1,1
2,1481,7.67,5.62,47,33,20.452,4.31,18,1,5,2,1,1
2,1482,7.23,13.79,30,23,24.609,6.44,17,2,5,1,1,1
2,1484,8.34,2.49,38,29,27.181,7.14,19,2,5,1,1,1
2,1485,7.21,5.64,27,28,21.02,12.84,19,2,5,1,2,1
2,1486,5.32,9.46,56,26,21.425,9.38,27,1,5,2,4,0
2,1487,7.95,5.6,22,32,21.09,3.64,11,1,5,1,1,1
2,1488,6.57,6.64,43,28,20.812,4.59,20,2,5,2,1,1
2,1489,7.64,4.36,27,30,22.893,4.11,23,2,3,1,1,1
2,1490,5.06,2.25,16,31,27.29,6.82,18,2,5,1,4,1
2,1491,5.15,2.09,53,31,31.603,11.11,37,1,5,1,1,1
2,1492,5.51,3.86,41,24,20.136,7.58,14,1,5,2,1,1
2,1493,7.19,5.54,71,24,26.234,4.28,13,2,5,1,1,1
2,1494,7.4,4.18,11,25,22.758,8.25,14,1,5,2,1,1
2,1495,7.29,8.72,43,29,23.712,5.91,15,1,5,2,1,1
2,1496,7.27,7.14,30,27,22.461,5.32,21,2,5,1,2,1
2,1497,4.43,2.67,34,29,24.609,10.04,24,1,5,1,4,1
2,1499,6.74,4.4,51,30,24.088,3.41,11,1,5,1,1,0
2,1500,5.67,7.35,32,25,21.36,2.31,13,2,3,1,4,0
2,1501,5.2,1.26,37,27,21.855,4.85,12,2,5,2,1,1
2,1503,4.78,9.91,35,29,23.919,5.86,24,2,3,1,4,0
2,1504,6.31,5.28,51,31,20.937,9.91,26,2,3,2,2,1
2,1505,7.14,3.64,18,24,25,6.76,20,1,5,2,1,1
2,1507,6.13,3.73,19,31,20.63,5.91,20,1,5,2,1,0
2,1508,7.1,3.29,55,28,23.726,9.79,24,2,3,2,1,0
2,1509,6.81,3.57,51,32,22.03,7.05,25,1,5,1,1,0
2,1510,7.15,7.04,54,31,20.701,5.31,15,2,5,2,4,1
2,1511,5.51,6.16,45,31,21.45,6.95,16,1,5,1,4,1
2,1513,7.54,5.38,32,34,23.243,3.68,11,2,5,2,1,0
2,1515,6.62,4.61,27,28,26.023,4.12,20,1,5,1,2,1
2,1516,7.96,2.29,47,32,21.096,10.67,27,1,5,2,4,0
2,1518,6.63,3.12,46,30,20.64,5.76,15,2,3,1,1,1
2,1519,6.55,2.2,35,34,27.31,4.48,14,1,5,2,2,0
2,1520,5.03,2.46,45,27,21.8,14.11,10,1,5,2,1,0
2,1521,6.4,3.94,18,32,20.776,8.3,16,2,3,2,4,1
2,1523,6.66,6.07,44,26,20.546,8.79,25,1,5,1,2,1
2,1524,7.78,4.97,57,34,17.63,2.16,10,1,5,1,4,1
3,1525,5.34,5.87,25,26,18.518,6.51,31,2,3,1,1,1
3,1526,5.41,3.85,25,30,24.142,6.15,10,2,5,1,4,1
3,1527,5.89,3.32,21,28,21.872,5.39,22,2,3,2,1,1
3,1528,6.51,4.11,40,33,20.088,8.5,24,1,5,2,4,1
3,1529,5.42,5.06,44,28,38.29,6.57,26,2,5,2,1,0
3,1530,6.96,3.76,27,28,27.689,17.25,36,2,5,2,4,1
3,1534,7.43,2.87,22,28,26.172,5.2,20,2,5,1,6,1
3,1536,7.88,3.96,19,28,25.594,3.2,13,2,5,2,1,1
3,1537,5.7,5.37,56,24,24.35,14.06,27,2,5,1,2,1
3,1539,6.15,3.26,26,28,21.457,3.47,12,1,5,1,4,1
3,1540,5.95,2.2,51,30,29.372,4.02,30,2,5,1,1,0
3,1542,8.06,8,44,25,26.776,6.78,34,1,5,2,2,1
3,1543,3.06,2.73,38,32,25.911,17.02,31,1,5,2,2,1
3,1544,6.5,4.9,18,29,28.48,7.18,25,2,3,1,2,1
3,1545,7.29,5.11,51,28,20.395,2.45,15,2,3,1,4,1
3,1546,4.97,18.07,59,31,21.908,22.88,46,2,3,1,2,0
3,1547,5.3,1.34,19,31,24.088,8.69,17,2,3,2,2,1
3,1548,6.47,3.15,25,33,24.088,6.06,22,2,5,1,4,1
3,1550,4.73,9.9,25,30,21.218,10.39,17,2,3,2,2,1
3,1552,7.84,5.99,15,32,24.805,9.34,21,2,5,1,2,1
3,1553,7.4,5.89,15,29,19.467,4.67,15,1,5,2,1,0
3,1554,7.03,5.92,49,28,23.43,6.13,16,2,5,2,2,1
3,1555,7.03,5.1,42,31,25.344,13.11,32,2,5,2,2,1
3,1557,5.33,2.62,22,29,24.465,9.8,22,2,3,1,1,0
3,1558,6.36,6.03,16,25,25.711,15.18,22,2,5,1,2,1
3,1559,4.96,13.16,70,31,19.068,9.81,21,2,3,2,1,0
3,1560,6.95,5.32,24,33,21.193,4,27,1,5,2,6,1
3,1561,7.26,5.23,24,30,21.875,11.97,20,1,5,1,4,1
3,1562,5.34,2.6,50,28,22.719,11.84,27,1,5,2,1,1
3,1563,7.92,5.05,29,30,21.774,8.87,12,1,5,2,1,1
3,1565,6.58,8.97,50,29,26.234,9.86,26,2,5,1,2,1
3,1566,6.99,6.76,20,30,26.37,10.16,27,2,5,1,2,1
3,1567,5.51,12.24,28,29,24.46,5.52,24,2,5,1,2,1
3,1568,6.17,3.47,49,34,20.703,5.46,15,2,3,1,1,1
3,1569,6.81,3.58,17,26,21.36,3.33,11,1,5,2,1,1
3,1571,7.69,3.82,72,30,23.661,11.81,16,2,5,2,4,1
3,1573,5.78,2.93,39,29,26.486,5.03,17,1,5,2,1,1
3,1574,4.79,2.58,11,33,24.035,9.36,27,1,5,1,1,0
3,1576,5.86,3.46,26,32,24.46,5.04,21,1,5,1,1,0
3,1578,7.32,5.42,40,28,22.313,4.05,14,2,5,1,1,1
3,1579,4.62,4.13,31,29,26.35,8.17,16,1,5,1,4,1
3,1580,6.02,4.7,16,30,22.477,12.7,38,1,5,1,1,1
3,1581,6.66,10.03,60,29,23.936,7.68,35,2,5,1,2,1
3,1582,7.04,6.78,30,30,24.219,5.98,16,1,5,2,1,1
3,1583,5.22,4.63,24,26,21.908,7.66,25,2,5,1,2,0
3,1584,6.89,6.18,30,23,22.85,5.23,25,2,5,2,1,1
3,1585,5.77,11.32,40,28,23.055,11.29,40,2,3,1,1,0
3,1586,8.88,5.21,25,32,25.39,7.38,16,1,5,1,1,0
3,1587,6.57,3.13,34,26,22.957,3.46,10,2,5,2,1,0
3,1588,5.14,2.38,26,30,19.76,3.75,10,1,5,1,3,1
3,1590,6.97,4.9,39,27,18.026,9.73,20,1,5,2,2,1
3,1592,7.29,3.6,73,24,24.496,5.38,17,2,3,1,2,1
3,1593,5.18,5.47,34,31,25.477,6.05,27,2,3,1,2,1
3,1594,5.9,3.78,54,32,22.291,10.93,21,1,5,2,1,1
3,1595,9.55,4.11,17,27,20.343,3.78,19,1,5,1,1,0
3,1596,6.65,5.32,28,32,30.18,7.5,23,1,5,1,2,0
3,1597,6.53,4.08,46,30,24.655,4.39,24,2,5,2,1,1
3,1598,10.35,6.64,56,31,25.631,14.58,42,1,5,2,2,0
3,1599,6.25,5.46,59,27,21.875,4.25,12,2,3,1,1,0
3,1600,7.12,6.6,27,27,24.22,8.97,21,2,5,2,4,1
3,1602,7.74,7.18,26,29,22.22,8.6,24,1,5,1,1,0
3,1604,7.19,5.07,51,28,19.814,5.78,20,2,5,1,1,1
3,1605,6.03,12.2,46,32,26.223,10.15,33,2,5,1,4,1
3,1606,5.57,2.81,19,31,20.505,9.94,25,2,5,1,1,0
3,1607,5.79,3.05,39,34,21.64,3.96,16,1,5,2,1,0
3,1608,5.07,7.42,53,30,26.563,11.38,28,1,5,1,2,1
3,1609,6.89,9.01,17,25,23.309,16.18,28,2,3,1,4,0
3,1611,6.99,6.6,30,27,23.11,12.96,26,1,5,1,1,1
3,1612,6.08,3.56,44,31,20.82,5.3,16,2,3,1,1,0
3,1613,5.06,18.01,47,29,20.872,19.56,45,1,5,1,1,1
3,1614,5.09,9.15,59,28,22.189,4.82,29,2,3,1,2,1
3,1615,5.14,5.51,33,34,17.482,9.79,16,1,5,2,1,1
3,1617,4.59,2.67,38,32,24.56,3.27,18,1,5,1,1,1
3,1618,6.3,7.25,43,24,29.706,7.59,31,1,5,1,2,1
3,1619,6.35,5.37,37,30,23.068,12.33,31,2,5,2,2,1
3,1620,7.6,5.45,7,29,21.368,3.13,10,1,5,1,1,1
3,1622,6.22,5.09,74,30,21.484,4.97,17,2,3,1,1,0
3,1623,6.96,6.98,26,30,19.98,6.99,13,1,5,1,1,1
3,1624,6.71,11.55,33,29,24.558,4.1,18,2,3,2,1,1
3,1625,4.8,5.37,50,27,19.467,6.31,28,1,5,2,1,0
3,1626,4.58,4.37,36,32,28.07,4.44,25,2,5,2,1,1
3,1628,5.92,4.38,57,26,21.908,9.14,18,1,5,1,1,1
3,1629,6.27,2.1,32,33,25.537,3.73,10,2,3,1,1,1
3,1631,9.53,3.31,31,32,23.335,12.05,25,2,3,2,2,1
3,1633,5.73,9.47,48,23,21.529,11.04,24,1,5,1,4,1
3,1634,6.11,4.67,23,27,22.769,5.56,20,2,3,1,4,1
3,1636,8.87,3.27,25,21,19.031,6.99,26,2,3,1,4,1
3,1637,6.29,2.12,32,32,21.48,3.25,9,2,3,2,4,1
3,1638,6.29,8.49,41,28,19.487,5.81,19,2,5,2,1,1
3,1640,4.96,6.45,36,28,23.335,14.84,39,2,5,2,2,1
3,1641,7.79,18.47,64,29,19.147,11.9,24,1,5,1,2,0
3,1642,7.69,4.46,23,30,18.939,3.64,13,1,5,2,1,0
3,1643,6.34,3.47,20,30,20.569,7.42,17,1,5,2,2,1
3,1644,6.34,5.04,17,28,18.902,13.58,24,2,5,1,2,1
3,1646,7.38,6.06,20,32,18.51,5.71,15,1,5,1,1,1
3,1647,6.46,5.07,52,27,23.047,3.86,23,2,3,2,1,1
3,1648,6.16,2.77,45,28,23.936,2.76,14,2,3,1,1,0
3,1649,5.54,1.97,16,33,23.323,9.31,15,2,3,1,1,0
3,1650,7.71,3.41,41,28,20.957,5.02,15,2,3,1,1,1
3,1651,10.08,10.48,34,25,28.72,5.29,35,1,5,2,2,0
3,1653,2.98,2.91,36,27,35.878,23.5,42,2,3,1,2,1
3,1654,7.66,3.67,39,28,22.477,4.77,17,2,5,2,1,1
3,1655,6.27,4.43,42,26,21.99,2.33,12,2,5,2,2,1
3,1656,5.74,3.86,60,30,19.706,3.5,17,1,5,2,1,0
3,1657,6.08,2.54,19,26,24.859,3.96,15,2,5,2,1,0
3,1659,5.92,7.25,23,31,24.35,7.38,13,1,5,1,4,0
3,1660,4.65,3.31,12,28,25.462,7.47,33,2,5,1,1,1
3,1662,6.34,3.68,31,26,22.408,5.27,25,2,3,1,2,0
3,1664,6.6,5.45,30,34,20.324,4.3,10,2,3,2,1,0
3,1665,5.99,5.56,45,27,22.367,9.97,26,2,5,2,1,1
3,1666,8.6,7,38,32,17.63,4.76,12,2,5,2,1,1
3,1667,6.05,6.41,20,26,21.411,4.38,18,1,5,1,4,1
3,1668,4.57,3.36,40,30,21.36,6.36,11,1,5,1,1,1
3,1669,5.93,16.13,21,27,27.408,16.28,20,2,5,1,2,1
3,1671,4.41,4.92,23,29,21.504,8.55,15,2,5,1,2,1
3,1672,5.72,5.83,29,29,22.406,4.97,17,2,5,2,1,0
3,1673,5.62,3.5,46,28,20.576,5.39,20,2,5,1,1,1
3,1674,6.93,5.3,30,31,29.964,7.84,21,1,5,2,4,1
3,1675,8.04,5.44,24,28,21.786,3.94,12,2,3,2,1,0
3,1676,6.09,8.87,23,29,21.926,9.66,37,1,5,1,1,1
3,1679,5.76,3.01,25,26,26.037,4.65,21,2,5,1,1,0
3,1680,6,4.3,47,33,22.58,3.32,11,2,5,2,1,1
3,1681,7.7,16.72,38,27,23.95,7.77,28,2,3,1,2,1
3,1682,4.95,3.97,73,31,21.671,4.08,25,2,5,2,1,1
3,1683,6.07,8.55,33,30,24.167,8.76,17,2,3,1,1,0
3,1684,7.31,1.45,18,31,25.77,3.6,13,1,5,1,4,1
3,1685,4.71,2.08,7,29,25.53,6.83,14,2,5,2,1,1
3,1686,6.91,4.79,17,29,25.52,8.86,25,1,5,1,2,1
3,1687,7.64,7.48,23,32,24.95,2.66,14,1,5,1,1,1
3,1688,5.62,7.19,36,33,19.818,10.19,23,2,5,1,4,1
3,1689,5.88,1.73,29,33,22.206,7.91,16,1,5,2,1,1
3,1692,6.1,6.8,29,27,25.391,22.58,28,1,5,1,2,1
3,1693,7.36,7.3,32,29,22.06,19.66,39,1,5,2,2,1
3,1694,7.05,4.48,58,23,23.438,13.25,21,1,5,2,1,1
3,1695,6.31,4.23,39,29,25.477,9.18,25,2,5,1,2,1
3,1696,5.72,4.37,39,28,18.427,4.98,19,1,5,1,4,1
3,1697,6.98,3.55,49,34,23.245,7.33,13,1,5,2,1,0
3,1699,8.44,6.84,46,27,20.313,7.26,27,2,3,2,2,1
3,1700,7.19,3.42,34,31,26.502,5.51,20,2,3,2,4,0
3,1701,6.4,12.79,30,22,25.848,10.72,39,2,5,1,2,1
3,1702,5.96,4.44,35,28,22.863,9.44,18,2,5,1,2,1
3,1704,5.92,9.15,66,32,24.558,4.87,20,2,5,1,2,1
3,1705,5.66,1.49,20,32,25.33,4.65,11,2,5,1,1,1
3,1707,6.58,9.11,35,34,25.28,12.26,25,1,5,2,2,1
3,1710,6.64,2.5,16,34,26.5,5.59,14,2,5,2,1,1
3,1711,11.21,6.6,44,30,20.447,3.28,11,2,3,2,1,1
3,1712,6.59,6.25,5,31,20,18.6,15,1,5,2,1,0
3,1714,5.88,3.13,14,32,23.047,6.18,17,2,3,2,1,1
3,1715,7,6.68,37,28,19.53,3.56,10,2,5,1,1,0
3,1716,5.14,6.47,46,26,24.034,10.03,23,2,3,1,2,1
3,1718,7.12,3.33,28,27,22.461,6.21,18,2,5,1,1,1
3,1719,6.04,6.63,20,29,17.718,3.74,28,1,5,1,1,1
3,1720,5.7,6.21,40,28,24.741,5.71,14,2,5,1,4,1
3,1722,4.63,3.18,25,23,23.733,5.74,20,1,5,1,1,0
3,1723,6.33,7.2,27,32,24.03,4.42,17,2,3,2,1,1
3,1724,7.18,6,28,32,24.99,6.29,11,1,5,1,1,1
3,1725,6.32,4.54,32,28,24.61,5.25,13,2,3,1,1,1
3,1726,5.08,6,33,29,21.56,6.54,19,2,5,1,2,1
3,1727,9.22,9.42,59,32,23.15,9.54,30,2,5,1,1,1
3,1729,7.77,7.15,24,27,24.456,5.05,18,2,5,1,1,0
3,1730,5.12,1.66,15,27,25.28,3.3,20,1,3,1,4,1
3,1731,4.77,1.9,41,33,22.27,5.28,13,1,5,1,1,1
3,1732,4.77,1.16,40,31,22.15,5.46,7,2,3,1,2,1
3,1733,5.75,5.4,26,26,21.358,8.92,27,1,5,1,4,1
3,1734,5.95,3.2,35,29,36.62,4.22,30,1,5,2,2,1
3,1735,6.36,2.92,26,28,20.797,11.61,28,1,5,1,1,1
3,1736,6.72,5.35,52,31,20.685,8.07,18,2,5,2,1,1
3,1737,8.06,1.98,25,32,22.37,4.43,10,2,5,2,4,1
3,1738,5.18,6.46,30,31,30.54,6.71,19,2,3,1,4,1
3,1739,7.4,6.65,61,31,24.56,7.4,17,2,5,2,2,0
3,1740,8.03,5.72,46,27,25.712,4.07,18,2,5,1,2,1
3,1741,6.53,4.03,58,29,22.1,4.14,13,2,5,2,1,1
3,1743,6.32,3.58,14,26,22.48,6.65,21,1,5,2,1,0
3,1744,4.3,3.1,32,25,24.005,5.15,26,2,3,1,2,0
3,1745,7.85,10.42,18,33,23.53,7.76,16,1,5,2,1,1
3,1746,5.49,8.34,57,27,20.546,13.77,22,1,5,2,1,1
3,1748,7.17,4.82,15,31,25.315,4.69,16,1,5,1,2,1
3,1749,5.74,2.81,21,32,22.6,5.91,26,1,5,1,1,0
3,1750,7.54,4.33,22,31,20.812,4.4,11,1,5,2,1,0
3,1751,4.95,3.63,31,28,25.97,13.43,33,2,3,1,1,0
3,1752,5.2,4.55,45,29,21.504,9.6,19,1,5,2,1,1
3,1753,5.4,4.88,18,32,23.665,7.7,28,2,5,2,1,1
3,1754,6.32,6.05,46,26,34.928,14.23,37,2,5,1,2,1
3,1755,6.57,3.63,26,34,22.89,10.85,22,1,5,1,1,1
3,1756,5.85,2.95,21,33,22.633,7.2,32,1,5,1,2,1
3,1757,5.19,5.59,38,27,20.812,9.78,17,2,5,1,1,1
3,1759,5.12,6.59,11,29,28.134,9.55,32,2,3,1,2,1
3,1760,8.29,5.48,27,30,22.137,4.13,11,1,5,2,1,1
3,1761,5.19,14.66,17,28,20.701,7.32,27,1,5,1,2,1
3,1764,6.7,8.36,62,32,22.1,23.06,27,1,5,2,1,1
3,1765,5.67,4.04,35,33,24.24,4.83,16,1,5,2,1,0
3,1766,5.56,2.88,32,30,26.33,7.17,18,2,5,1,1,1
3,1768,4.93,1.64,11,25,35.46,4.56,12,2,3,1,1,0
3,1769,6.92,4.52,23,29,25.781,8.56,25,2,5,2,1,1
3,1770,3.35,3.07,62,30,23.63,5.52,16,1,5,1,1,0
3,1771,6.57,3.44,37,33,20.28,3.2,13,2,5,1,1,0
3,1772,5.87,4.17,23,25,20.285,9.89,19,2,5,1,1,1
3,1773,6.07,1.72,38,27,22.583,3.63,12,2,3,1,1,1
3,1774,5.96,5.21,50,25,18.827,6.39,16,2,3,1,2,0
3,1775,6.62,5.11,31,27,27.055,5.68,34,1,5,1,1,1
3,1776,7.06,9.35,14,30,22.266,7.61,26,2,5,2,2,1
3,1777,5.95,1.47,36,29,26.61,4.37,19,2,3,2,1,0
3,1778,5.59,7.23,17,33,27.829,11.59,38,2,5,1,2,1
3,1779,5.85,4.02,46,26,23.588,9.31,19,2,5,1,1,1
3,1781,7.89,4.98,29,30,21.908,2.61,11,2,3,1,2,1
3,1782,5.71,8.1,25,31,26.298,2.61,23,2,5,2,2,1
3,1783,4.71,5.3,22,29,22.64,2.96,12,2,3,2,1,1
3,1786,5.01,3.96,38,32,25.711,8.19,22,1,5,2,2,0
3,1787,6.34,4.69,28,27,26.71,4.72,10,1,5,1,1,1
3,1789,7.04,5.81,24,22,24.005,6.7,25,1,5,1,2,0
3,1790,6.32,5.23,58,26,22.481,4.95,14,1,5,2,1,1
3,1792,6.63,4.62,19,27,23.34,2.93,13,1,5,1,1,1
3,1793,4.58,6.26,73,25,29.358,7.14,29,2,5,2,2,1
3,1794,6.36,3.23,19,24,30.801,5.22,20,2,3,2,4,1
3,1795,5.78,3.5,41,28,25.594,4.41,18,2,5,1,2,1
3,1798,6.05,7.07,46,26,28.842,10.36,30,2,5,1,1,1
3,1799,5.47,5.51,41,31,22.21,8.37,20,2,5,1,1,1
3,1800,7.94,10.08,59,24,30.104,6.07,31,2,3,2,1,1
3,1801,7.22,8.57,40,21,21.368,5.13,15,2,3,1,4,1
3,1802,6.84,3.92,41,26,24.167,5.36,26,2,5,1,4,1
3,1804,5.68,1.98,49,25,25.97,8.34,24,1,5,1,1,1
3,1805,7.85,3.99,15,32,19.63,2.65,14,1,5,2,1,0
3,1806,6.62,2.92,39,31,26.564,3.93,11,2,3,2,1,1
3,1807,3.78,2.34,60,26,23.217,2.95,15,1,5,2,1,1
3,1808,4.4,6.37,36,30,20.701,10.48,23,1,5,1,4,1
3,1809,6.48,8.65,47,24,27.055,9.59,20,2,3,1,1,0
3,1810,6.22,7.7,33,32,18.36,8.07,15,2,5,2,4,1
3,1811,4.13,6.27,34,28,24.387,5.31,20,2,5,1,4,1
3,1812,5.99,2.96,20,31,19.141,3.34,9,2,5,2,1,1
3,1813,4.46,3.99,63,31,20.957,14.67,27,2,3,1,1,0
3,1814,6.82,2.86,6,29,21.299,8.32,23,1,5,1,4,0
3,1815,6.12,3.08,10,26,26.563,5.62,27,2,3,2,2,1
3,1816,5.42,10.98,44,23,23.233,15.9,21,2,3,1,2,1
3,1817,5.51,7.71,54,29,23.335,6.07,29,1,5,2,2,1
3,1818,5.99,4.43,25,34,24.035,3.81,18,1,5,2,1,0
3,1819,7.87,2.55,37,30,22.43,3.41,16,2,3,2,1,0
3,1820,5.58,4.42,28,26,23.805,6.46,19,2,5,2,1,0
3,1821,6.18,20.21,21,32,21.719,8.2,16,1,5,1,2,1
3,1823,6.51,4.7,27,24,22.667,3.29,13,2,3,1,4,1
3,1824,5.44,4.26,24,33,26.438,4.19,16,2,3,1,4,0
3,1825,8.34,4.8,24,29,24.444,11.94,17,2,5,1,2,0
3,1828,6.21,2.8,38,30,18.987,3.62,17,1,5,1,1,0
3,1829,5.85,4.83,40,33,23.04,11.51,21,2,3,2,1,1
3,1830,8.17,2.88,49,32,22.5,5.08,12,2,3,2,1,1
3,1831,6.61,2.04,15,29,32.62,1.99,25,1,5,1,2,0
3,1832,6.98,2.55,37,25,27.29,3.8,12,2,5,1,1,0
3,1833,6.68,5.38,49,29,20.812,7.61,19,2,3,1,1,1
3,1834,7.83,3.49,24,30,23.111,3.49,9,2,5,2,1,0
3,1835,4.99,6.57,25,28,22.656,4.38,15,2,5,1,1,0
3,1836,5.82,18.07,55,31,23.634,17.33,35,1,5,2,2,1
3,1837,8.67,7.89,36,34,18.359,6.59,18,1,5,2,4,0
3,1838,6.58,6.91,38,28,28.999,1.9,32,1,5,1,1,0
3,1839,7.26,4.65,48,28,21.289,5.63,15,2,5,1,1,1
3,1840,7.63,5.76,20,26,26.619,7.6,30,1,5,1,2,1
3,1841,3.73,3.32,33,29,19.72,10.45,25,2,5,2,6,0
3,1842,7.99,7.28,23,34,22.03,3.77,13,2,3,2,4,0
3,1843,5.18,3.93,71,23,24.327,1.57,20,2,3,2,4,0
3,1845,6.86,13.33,42,22,21.99,21.1,34,2,3,1,2,1
3,1847,8.16,2.74,33,31,22.862,8.6,14,1,5,2,1,1
3,1848,4.77,2.69,18,30,28.353,5.94,37,2,5,2,2,1
3,1849,6.78,9.14,28,33,20.28,8.73,11,1,5,2,1,1
3,1850,6.57,2.19,25,30,26.953,3.34,16,2,3,1,1,0
3,1851,5.61,9.03,52,34,30.022,18.68,37,1,5,1,2,1
3,1853,4.03,1.79,17,27,23.92,3.39,17,1,5,1,1,0
3,1854,8,4.33,8,33,22.656,1.25,13,2,3,1,4,1
3,1855,6.2,2.06,29,21,28.91,5.64,19,1,5,1,1,0
3,1856,9.08,2.01,17,27,23.53,5.17,18,2,5,1,1,1
3,1857,7.47,2.4,33,34,24.8,5.83,7,1,5,2,1,1
3,1858,6.88,3.71,29,26,21.231,3.04,20,1,5,1,1,1
3,1859,6.25,3.81,41,30,22.863,3.71,18,2,3,2,4,1
3,1860,7.8,5.23,35,29,24.465,5.03,16,1,5,2,6,1
3,1862,5.09,4.02,18,30,23.712,4.79,16,2,5,1,2,0
3,1863,6.8,1.12,54,31,23.464,3.47,15,2,3,2,1,0
3,1864,5.57,3.68,22,26,23.011,4.57,15,2,3,2,1,0
3,1865,5.64,3.49,34,30,22.83,3.42,13,2,5,1,1,0
3,1867,6.79,5.68,12,29,24.35,3.98,17,2,5,1,1,1
3,1869,6.19,4.21,49,30,22.03,7.68,20,2,3,1,4,0
3,1870,7.09,5.25,49,25,19.778,5.55,26,2,5,1,1,1
3,1871,7.06,4.45,29,31,24.836,5.87,23,2,3,2,1,1
3,1873,5.71,8.87,34,25,22.987,7.82,21,1,5,2,1,0
3,1874,5.87,4.46,32,28,21.83,8.74,26,1,5,1,3,1
3,1878,8.86,7.99,12,26,24.17,5.81,15,2,5,1,1,1
3,1879,6.53,5.91,23,31,24.92,7.15,12,2,5,2,1,1
3,1881,6.7,2.67,68,29,21.502,9.7,15,2,3,2,3,1
3,1882,6.68,6.53,18,29,18.359,6.68,25,2,3,2,6,1
3,1883,4.76,1.38,20,27,29.086,6.48,20,1,5,1,6,1
3,1884,7.64,3.66,30,32,20.69,2.44,11,2,3,1,1,1
3,1886,7.13,2.95,23,32,26.037,6.62,22,1,5,2,2,1
3,1887,6.36,3.92,67,26,21.431,5.41,12,2,5,1,1,1
3,1888,6.24,1.98,18,31,25.932,6.21,19,1,5,2,1,1
3,1889,6.37,4.4,33,30,19.979,5.33,19,1,5,2,1,0
3,1890,6.39,4.97,25,30,28.84,4.81,23,2,5,2,4,1
3,1891,6.1,4.5,8,32,24.977,4.35,16,1,5,2,1,1
3,1892,5.29,1.97,39,31,21.565,6.39,18,2,3,2,1,1
3,1894,9.12,3.31,30,34,22.77,4.78,11,2,5,2,1,0
3,1895,8.26,3.65,39,28,17.288,4.4,18,1,5,1,4,1
3,1897,7.7,6.03,19,32,21.484,2.43,9,2,3,2,1,1
3,1898,8.31,4.7,45,27,19.778,8.41,17,2,3,1,2,0
3,1900,4.98,4.36,39,27,19.835,6.81,29,1,5,1,2,1
3,1901,5.65,3.83,42,28,24.167,5,28,2,5,1,4,1
3,1902,8.11,11.04,37,29,25.1,8.07,22,2,3,1,2,0
3,1903,5.46,1.53,18,29,33.163,3.42,12,2,3,2,1,1
3,1904,6.8,4.05,34,26,27.701,8.49,19,1,5,2,4,1
3,1905,6.8,3.6,24,29,28.441,6.77,33,1,5,1,1,1
3,1906,7.91,4.07,23,30,21.26,4.2,10,2,3,1,1,0
3,1907,5.2,4.06,25,24,28.578,8.48,24,2,3,1,2,1
3,1908,5.57,3.71,20,31,21.755,6.85,10,2,3,2,1,0
3,1909,5.92,4.82,38,34,24.342,11.59,13,1,5,1,2,1
3,1911,5.56,22.22,31,26,24.435,10.99,21,2,5,1,3,1
3,1912,7.73,5.88,33,29,23.588,5.9,20,2,5,2,1,1
3,1913,5.74,4.45,29,27,32.05,7.21,26,1,5,1,1,1
3,1915,5.41,4.25,39,30,25,3.02,10,1,5,1,1,0
3,1916,5.82,4.88,25,29,24.908,5.67,11,2,5,1,1,1
3,1918,4.54,9.41,56,32,23.282,9.99,34,1,5,1,2,1
3,1921,4.94,1.99,27,25,30.177,7.64,15,2,3,1,1,1
3,1922,3.32,3.66,41,22,23.438,5.41,20,2,3,1,4,0
3,1923,5.44,3.49,24,31,20.55,8.85,21,1,5,2,1,0
3,1924,7.29,4.03,24,31,24.77,8.56,18,1,5,2,1,0
3,1925,5,3,24,31,30.02,3.03,19,2,5,1,2,1
3,1928,7.44,5.89,36,27,22.461,5.38,12,2,3,1,4,1
3,1930,6.82,6.07,30,31,25.806,12.78,31,2,5,2,1,0
3,1931,5.58,2.47,33,33,29.72,4.8,7,1,5,2,3,1
3,1932,5.09,2.25,28,29,29.586,4.61,20,2,3,1,2,0
3,1933,8.17,6.29,56,33,21.259,4.78,27,2,5,2,1,0
3,1934,5.08,3.41,29,29,25.39,6.17,18,1,5,1,2,1
3,1935,7.17,6.56,51,28,20.957,8.14,25,1,5,1,1,0
3,1936,6.99,7.38,36,28,23.828,3.23,16,2,5,2,1,1
3,1937,5.75,2.26,32,28,23.495,6.04,26,2,5,1,4,1
3,1938,5.47,8.17,46,28,22.1,7.94,16,2,3,2,1,0
3,1939,4.69,3.88,23,25,26.29,5.84,23,1,5,1,2,1
3,1940,6.55,4.18,49,28,27.767,3.59,14,2,5,1,1,0
3,1941,4.85,10.46,37,26,26.234,4.11,20,2,3,2,2,1
3,1942,4.64,2.88,54,27,29.385,7.21,31,1,5,2,1,1
3,1943,7.84,4.73,30,31,21.68,8.28,17,2,5,1,4,1
3,1946,6.91,3.18,32,30,20.313,2.54,6,1,5,1,1,1
3,1947,7.2,3.67,49,24,24.465,4.65,18,2,5,1,1,1
3,1948,6.99,2.76,17,29,22.518,5.12,17,2,5,1,2,1
3,1950,3.72,2.56,53,26,23.125,9.03,22,2,3,1,4,1
3,1951,5.1,3.37,15,28,23.338,3.16,16,2,5,1,1,1
3,1952,5.25,2.78,21,27,23.338,4.86,18,2,5,1,1,1
3,1954,5.16,7.43,28,29,22.547,11.59,26,2,5,1,4,0
3,1955,5.36,4.81,30,29,18.359,7.09,20,1,5,1,2,1
3,1957,5.65,5.15,16,28,21.573,7.76,22,2,3,2,2,1
3,1958,7,6.21,35,26,25.682,6.66,23,2,3,1,2,1
3,1959,5.97,5.08,16,29,22.559,4.91,11,2,5,1,1,0
3,1960,7.57,3.85,27,32,18.07,3.22,13,2,3,1,4,1
3,1961,3.86,11.21,39,26,20.957,13.37,36,1,5,2,1,1
3,1962,5.79,3.64,38,21,28.537,11.49,29,1,5,1,4,1
3,1963,6.87,6.38,31,27,26.986,14.84,27,1,5,1,2,1
3,1964,4.35,3.38,25,33,23.53,15.08,22,1,5,2,1,1
3,1966,7.22,4.7,0,31,21.514,2.44,12,2,5,1,1,0
3,1967,6.34,8.79,43,33,20.324,11.66,32,2,3,1,1,1
3,1968,7.14,3.24,25,28,30.119,4.23,27,2,5,2,4,1
3,1969,6.62,8.26,47,25,19.53,5.66,20,1,5,2,1,0
3,1970,5.02,4.33,19,24,20.66,4.71,13,1,5,1,4,1
3,1972,7.01,2.51,47,32,22.942,4.59,11,2,3,1,1,0
3,1973,6.37,7.41,29,29,29.51,6.15,13,2,5,1,2,1
3,1974,7.93,5,24,33,20.17,6.88,16,1,5,1,1,0
3,1975,5.3,7.39,40,27,26.667,15.96,23,1,5,2,4,1
3,1978,6.71,1.87,28,31,25.909,3.33,13,2,3,1,1,1
3,1979,6.24,3.41,25,33,22.272,9.93,26,2,5,2,1,0
3,1980,5.92,5.69,12,34,25.153,8.35,18,1,5,1,1,1
3,1981,5.77,6.7,55,23,22.151,7.29,25,2,5,1,2,1
3,1982,4.13,2.34,29,32,26.563,6.33,11,2,3,1,4,1
3,1983,6.03,6,39,30,21.454,10.95,23,1,5,1,1,1
3,1984,8.39,4.85,29,23,24.8,5.31,13,1,5,2,1,1
3,1985,7.02,2.6,38,33,27.1,4.43,15,2,5,1,4,1
3,1986,5.4,4.07,25,34,30.44,6.24,25,2,3,2,1,1
3,1987,4.83,2.79,32,29,24.035,4.6,16,2,5,2,4,1
3,1988,6.39,4.6,25,32,31.24,3.9,26,2,5,2,4,1
3,1989,4.89,12.41,33,29,23.047,6.17,25,2,5,1,2,1
3,1990,7.07,5.57,41,30,22.477,4.96,17,2,3,1,1,0
3,1991,4.68,3.52,57,29,22.656,6.24,21,1,5,1,1,1
3,1992,5.9,5.94,47,29,21.077,5.78,15,1,5,1,2,1
3,1993,5.2,5.48,41,32,22.06,6.3,17,2,3,2,1,1
3,1994,5.64,4.59,32,32,19.14,3.84,14,2,5,1,1,0
3,1995,7.35,2.92,26,34,27.916,7.11,15,1,5,1,4,1
3,1996,5.74,4.22,37,22,27.148,4.6,18,2,5,1,4,1
3,1997,5.87,7.7,45,32,27.344,10.18,24,1,5,2,1,1
3,1998,6.83,3.32,21,29,20.429,12.24,28,2,5,1,4,1
3,1999,7,3.8,14,27,23.14,6.3,30,2,5,1,1,1
3,2000,4.17,3.6,44,27,24.305,14.41,27,1,5,2,2,1
3,2001,7.87,11.74,35,33,19.433,2.5,13,1,5,1,1,1
3,2002,5.84,3.8,20,32,26.037,6.52,19,2,3,2,1,1
3,2003,7.3,2.77,28,27,25.391,7.39,20,1,5,2,4,1
3,2005,8.6,7.12,28,30,21.1,6.69,20,2,3,1,1,1
3,2006,7.11,8.21,55,29,21.359,4.97,15,1,5,2,1,1
3,2007,4.65,2.79,23,34,26.23,7.37,24,2,5,2,2,0
3,2008,6.76,3.16,32,31,22.06,3.67,14,2,5,1,4,1
3,2010,5.69,3.67,29,31,20.72,6.35,12,1,5,2,1,0
3,2011,6.76,5.22,18,30,22.761,6.15,19,1,5,1,1,1
3,2012,6.56,2.56,25,31,27.548,7.78,22,1,5,1,2,1
3,2013,4.89,3.83,30,33,23.424,2.99,15,2,3,1,4,1
3,2015,4.2,3.52,32,28,26.298,6.25,31,2,3,2,2,1
3,2017,8,3.33,27,27,25.46,3.27,22,1,5,1,1,0
3,2018,6.73,4,14,29,21.705,8.32,18,2,5,2,1,1
3,2019,6.07,4.28,40,26,23.83,9.51,12,1,5,2,1,1
3,2020,4.79,4.65,27,32,24.722,11.83,24,2,3,2,1,1
3,2021,5.62,4.27,34,31,23.147,2.76,14,2,5,1,2,1
3,2022,4.56,3.98,19,33,27.01,5.87,25,2,3,2,1,0
3,2023,5.68,5.63,36,32,26.84,7.83,24,1,5,2,1,1
3,2024,5.31,3.2,43,28,22.583,4.18,16,2,3,2,1,1
3,2025,7.06,4.31,32,25,23.873,3.21,12,2,5,1,2,1
3,2026,7.48,3,46,29,28.441,2.66,15,2,5,2,1,1
3,2027,5.47,2.9,26,32,26.037,2.9,18,1,5,2,1,1
3,2028,7,4.84,45,34,21.88,4.18,11,1,5,2,1,1
3,2029,6.38,5.02,26,28,19.228,6.51,14,1,5,2,1,0
3,2034,6.17,3.23,37,33,29.155,4.05,17,1,5,1,2,1
3,2035,5.33,4.92,23,27,20.449,4.88,15,1,5,1,4,0
3,2037,4.56,2.54,31,32,25.271,5.8,21,2,5,1,1,1
3,2038,6.94,3.34,32,33,23.51,5.64,14,1,5,2,4,1
3,2039,5.52,1.97,30,23,25.477,3.96,10,2,3,1,4,1
3,2040,6.52,4.74,48,32,21.333,5.6,14,1,5,2,1,1
3,2041,3.55,4.74,43,32,26.298,19.18,31,2,5,1,2,1
3,2042,6.71,4.13,29,29,22.231,5.68,16,2,3,2,4,0
3,2044,4.84,3.42,55,30,21.077,19.35,41,2,5,1,1,0
3,2045,5.9,4.19,28,26,26.107,6.34,27,1,5,2,1,1
3,2046,6.56,5.89,48,28,18.032,15.27,27,1,5,1,6,1
3,2047,6.48,4,27,30,20,5.52,12,1,5,1,1,0
3,2048,4.95,4.58,5,25,23.457,4.95,13,1,5,1,1,1
3,2049,6.18,5.8,28,28,26.444,5.92,24,2,3,1,1,1
3,2050,7.85,3.33,27,32,24.61,8.31,18,2,5,2,1,1
3,2051,5.55,3.63,37,27,19.724,9.55,23,1,5,2,1,1
3,2052,6.83,10.27,32,27,23.438,7.65,30,2,3,2,4,1
3,2053,4.85,3.8,33,33,27.055,6.95,20,2,5,2,2,1
3,2054,5.79,1.28,28,32,28.96,1.42,18,1,5,2,1,1
3,2055,6.11,1.74,21,30,24.841,2.09,10,2,3,2,1,1
3,2056,5.24,4.66,26,28,20.569,11.83,33,2,3,1,2,1
3,2057,5.02,11.14,68,23,25.594,10.02,22,2,3,2,2,1
3,2058,6.98,3.48,40,33,24.023,6.63,14,2,5,2,3,1
3,2059,2.62,1.06,4,29,20.285,5.74,16,2,5,1,2,1
3,2060,6.15,3.19,55,29,25.806,3.69,10,2,3,1,1,1
3,2061,6.27,7.23,44,29,24.444,24.2,32,1,5,1,2,1
3,2062,6.83,3.96,48,28,20.667,6.24,17,2,3,1,2,0
3,2063,5.61,6.78,37,30,22.408,6.33,21,2,5,1,1,1
3,2064,7.2,2.49,23,31,25.35,7.82,25,2,3,1,2,1
3,2065,5.68,3.17,45,30,23.438,7.96,16,2,3,2,1,0
3,2066,4.94,2.92,24,28,25.721,9.02,29,2,3,2,2,1
3,2067,3.47,6.17,46,29,27.391,18.12,38,1,5,1,2,1
3,2068,7.65,2.92,24,29,25.39,4.8,10,1,5,2,3,1
3,2069,6.34,2.7,25,23,29.43,3.04,19,2,3,1,4,1
3,2070,6.58,12.82,63,27,24.314,12.5,36,2,5,1,1,1
3,2074,4.94,3.26,16,30,22.507,5.84,16,2,3,1,4,1
3,2076,5.53,13.37,43,28,28.04,24,36,1,5,1,2,1
3,2077,5.63,4.91,65,29,29.412,13.08,34,1,5,1,1,1
3,2078,4.65,5.21,50,29,28.934,12.93,38,1,5,1,2,1
3,2080,6.04,3.83,27,27,22.6,6.16,11,2,5,2,1,1
3,2082,6.44,2.86,19,33,29.41,9.84,22,2,5,2,3,0
3,2083,3,11.26,21,23,24.97,5.46,18,2,3,1,1,0
3,2085,5.65,3.9,23,25,26.639,3.43,12,2,5,1,4,1
3,2086,5.16,5.35,14,34,28.125,6.75,20,2,3,2,4,0
3,2087,4.87,18.46,66,32,23.111,16.84,33,1,5,2,1,1
3,2088,4.47,3.03,37,28,24.034,4.17,13,2,3,1,2,1
3,2089,5.87,5.51,22,27,18.73,5.63,13,1,5,1,4,0
3,2091,6.23,5.09,27,26,26.973,7.68,25,1,5,1,2,0
3,2092,4.7,2.77,37,32,23.634,9.16,18,2,5,1,4,1
3,2093,5.23,2.44,28,31,28,4.83,23,2,5,1,1,0
3,2094,4.67,5.7,35,31,21.502,14.73,32,1,5,2,2,1
3,2095,4.54,2.32,23,31,26.482,13.62,24,1,5,2,2,1
3,2096,7.08,3.57,20,31,27.344,7.51,13,2,3,2,6,1
3,2097,6.29,1.37,28,28,25.53,7.28,20,1,5,1,1,1
3,2098,5.61,3.04,41,25,24.023,3.39,15,2,5,2,4,1
3,2100,7.31,2.72,22,30,20.658,4.85,9,2,5,1,1,1
3,2101,5.89,1.85,24,23,26.037,5.31,22,1,5,2,2,1
3,2102,6.71,6.07,35,29,19.98,6.91,12,2,5,1,4,1
3,2103,4.9,2.23,30,34,27.55,4.06,12,2,3,2,1,1
3,2104,5.28,4.55,27,29,23.683,3.84,10,2,3,1,4,1
3,2105,4.64,3.48,20,29,22.48,6.15,15,2,5,1,1,0
3,2107,6.49,8.69,27,28,24.558,11.55,29,2,3,2,1,1
3,2108,6.18,7.13,8,28,31.2,3.9,26,2,3,1,1,0
3,2109,4.88,4.51,24,29,20.96,6.22,18,1,5,2,1,0
3,2110,6.92,17.07,46,34,24.03,16.29,31,1,5,1,1,1
3,2111,5.68,8.82,25,29,31.229,7.47,20,2,5,1,1,1
3,2112,7.49,4.45,32,25,26.563,3.47,19,2,3,1,2,0
3,2113,6.96,3.83,23,30,22.59,7.18,18,2,5,1,2,1
3,2114,5.66,3.5,23,32,25.711,9.13,14,2,5,1,2,1
3,2115,6.65,3.77,34,32,27.11,4.45,16,1,5,2,1,1
3,2117,6.03,4.04,30,29,24.005,10.28,27,2,3,1,4,1
3,2119,4.81,1.71,14,31,23.624,4.23,7,1,5,2,4,1
3,2120,6.69,12.32,30,29,24.836,13.81,25,1,5,1,2,0
3,2122,5.28,5.37,41,28,24.088,8.21,20,2,5,1,4,1
3,2123,6.77,5.26,37,29,20.703,7.59,22,1,5,2,1,1
3,2124,7.34,10.39,31,25,22.348,6.48,23,2,3,2,6,1
3,2126,5.35,2.67,30,31,24.465,4.37,15,1,5,1,1,1
3,2127,5.66,10.64,55,33,27.239,11.65,16,1,5,1,2,0
3,2128,4.43,3.39,33,22,26.346,8.46,21,2,3,1,1,1
3,2130,6.85,7.02,36,31,18.671,7.72,18,2,5,2,1,1
3,2131,7.39,5.29,34,31,21.431,5.87,13,2,5,2,3,1
3,2132,7.63,6.52,47,27,24.387,9.2,18,2,5,1,4,1
3,2134,6.22,1.5,44,28,20.173,4.77,13,2,5,2,4,1
3,2135,6,3.31,6,29,31.24,4.15,32,2,5,2,1,1
3,2137,4.07,2.75,15,31,24.305,22.66,61,1,5,1,4,1
3,2138,4.46,5.47,37,30,25.283,7.6,15,1,5,1,2,1
3,2139,5.52,5.06,44,27,26.015,6.26,23,2,5,1,1,1
3,2140,6.59,6.03,23,28,25.391,5.22,21,2,5,1,4,0
3,2141,5.06,9.95,47,24,19.879,23.5,40,1,5,1,2,1
3,2143,6.05,4.4,54,27,23.533,6.11,15,2,5,1,4,1
3,2144,5.68,2.96,30,30,26.563,6.19,18,2,5,1,1,1
3,2145,5.21,5.17,53,29,22.719,8.73,27,2,5,1,1,1
3,2146,5.85,3.22,41,34,26.839,6.51,14,2,3,2,1,1
3,2147,8.2,5.48,29,30,25.61,8.38,13,2,5,2,1,1
3,2148,6.7,4.4,38,34,21.719,8.11,25,1,5,1,4,1
3,2149,5.35,3.36,25,29,21.644,10.56,17,2,5,1,3,1
3,2150,6.47,2.36,36,32,24.524,2.36,12,2,3,1,6,0
3,2152,4.48,3.57,70,31,21.333,4.45,24,1,5,1,1,0
3,2155,6.28,2.9,33,25,21.218,6.34,25,2,3,1,1,0
3,2156,6.61,4.24,41,32,23.14,7.81,22,2,5,2,1,1
3,2157,5.36,3.74,22,30,26.986,12.44,25,1,5,1,2,1
3,2158,7.02,3.77,27,27,25,10.03,27,2,5,2,1,1
3,2159,5.75,0.4,28,32,22.959,5.23,21,2,3,2,4,1
3,2160,5.21,12.51,28,26,20.569,12.93,35,1,5,2,2,0
3,2161,6.54,9.62,41,31,26.298,4.54,19,2,5,1,2,1
3,2162,7.8,3.22,12,27,28.07,4.5,12,1,5,2,1,1
3,2163,6,2.09,17,26,24.219,2.78,11,2,3,2,4,1
3,2164,5.64,2.83,33,32,23.712,7.48,19,1,5,2,1,1
3,2165,5.58,3.52,23,33,25.53,8.8,21,2,5,2,1,0
3,2166,4.63,3.01,23,30,27.62,5.87,13,2,5,2,5,1
3,2167,6.87,2.96,26,29,22.039,3.52,16,2,5,2,1,1
3,2168,6.03,4.48,27,31,24.889,9.05,19,2,5,1,1,1
3,2171,6.49,4.79,32,34,24.221,6.32,28,1,5,1,2,1
3,2172,5.16,2.18,12,25,22.06,4.76,12,2,3,1,4,0
3,2173,6.36,4.15,64,33,28.566,4.22,18,1,5,2,1,1
3,2174,5.08,1.71,38,34,32.05,11.95,17,1,5,1,1,0
3,2175,5.5,5.28,25,32,24.39,10.05,14,2,5,1,1,1
3,2176,5.98,4.93,30,32,24.167,8.9,25,1,5,2,3,1
3,2177,2.94,6.18,25,29,20.821,11.4,25,1,5,1,4,1
3,2178,6.5,5.25,32,28,19.141,8.1,20,2,3,1,1,1
3,2179,6.52,4.36,38,31,23.19,7.12,11,1,5,1,4,1
3,2180,3.99,5.49,35,29,20.642,10.23,18,1,5,1,2,1
3,2181,4.27,2.21,32,26,24.242,4.6,24,2,5,2,1,0
3,2182,6.27,6.46,32,32,24.56,7.65,17,2,5,2,2,0
3,2185,5.06,2.18,21,29,20.429,5.93,17,1,5,2,2,1
3,2186,3.74,3.42,19,30,26.84,10.45,23,2,3,2,2,1
3,2187,3.83,2.23,34,31,25.3,5.23,21,2,5,1,1,1
3,2188,5.57,12.09,24,29,25.07,6.24,26,2,5,1,1,1
3,2189,6.34,4.5,43,31,23.936,7.6,20,2,5,1,4,1
3,2191,4.39,3.34,23,32,27.34,3.55,23,2,3,1,1,1
3,2192,5.6,6.29,24,28,30.801,14.25,36,2,3,1,4,1
3,2193,4.67,6.83,25,27,21.926,5.77,17,2,3,1,1,0
3,2194,5.62,1.3,17,28,20.833,4.24,18,2,5,2,1,1
3,2195,4.74,3.86,23,30,29.97,5.39,24,2,5,2,1,0
3,2196,4.47,2.6,36,30,21.36,6.54,15,2,5,2,1,1
3,2197,6.06,3.31,39,31,24.435,8.01,12,2,5,1,1,0
3,2198,6.07,3.42,19,28,29.432,2.61,14,2,5,2,1,1
3,2199,4.82,4.2,5,23,24.527,23.5,33,1,5,1,2,1
3,2200,5.91,4.25,28,30,23.245,5.33,14,2,5,1,3,1
3,2201,5.41,2.01,50,29,27.636,18.81,21,2,3,1,2,1
3,2202,5.93,1.95,28,31,28,8.06,16,1,5,2,1,1
3,2203,5.46,3.92,17,29,26.058,6.73,24,2,5,1,4,1
3,2205,5.47,4.99,50,30,28.399,12.96,46,2,3,1,4,1
3,2206,3.8,20,1,27,23.44,8.28,28,2,3,2,3,0
3,2207,6.75,5.77,45,28,28.23,3.67,10,1,5,1,1,1
3,2208,5.13,4.86,44,29,26.53,7.78,13,1,5,2,1,0
3,2209,5.6,3.93,26,29,27.64,7.4,17,2,5,1,4,1
3,2210,4.83,4.61,19,31,19.628,7.68,25,1,5,1,4,1
3,2211,6.08,4.3,12,33,22.032,9.14,24,2,3,1,1,0
3,2212,3.98,1.52,26,26,34.77,9.47,21,1,5,2,1,0
3,2214,4.34,1.31,65,29,25.53,7.31,27,1,5,1,3,1
3,2216,6.04,6.7,54,26,25.97,12.24,41,1,5,1,2,1
3,2217,7.08,5.25,48,27,20.83,11.16,27,1,5,1,1,1
3,2219,5.78,6.27,58,30,24.238,5.82,17,2,5,1,1,1
3,2222,5.69,4.73,27,34,26.172,12.86,22,1,5,1,2,1
3,2223,5.64,3.92,22,30,26.56,5.74,14,2,3,1,2,0
3,2224,5.21,1.73,26,29,23.233,7.73,14,1,5,1,4,0
3,2225,4.62,2.1,45,30,23.125,7.83,20,1,5,2,2,1
3,2226,5.6,6.1,27,31,23.88,9.87,28,1,5,1,2,1
3,2227,7.15,6.28,34,34,21.19,4.02,13,2,3,2,1,1
3,2228,6.74,5.03,20,30,24.238,3.55,19,1,5,1,1,1
3,2229,6.36,13.17,22,28,21.338,9.35,24,2,5,1,2,1
3,2230,5.13,2.3,33,25,25.965,6.3,19,1,5,2,2,1
3,2231,4.26,2.92,36,28,26.101,8.84,24,2,5,2,1,1
3,2232,4.91,2.26,22,27,22.893,4.64,11,2,5,1,3,1
3,2233,5.12,3.82,14,27,20.604,7.45,14,2,3,1,1,1
3,2234,5.51,5.06,34,28,21.719,6.26,25,2,5,1,1,1
3,2235,4.78,3.23,16,24,24.219,13.24,25,1,5,1,2,1
3,2236,4.42,3.62,39,26,24.112,7.14,28,2,5,2,2,1
3,2237,5.51,3.23,37,30,20.324,4.24,19,2,5,1,1,1
3,2238,5.02,4.2,26,31,21.13,4.54,17,1,5,2,1,0
3,2239,6.55,4.75,25,28,21.34,5.39,23,1,5,1,1,1
3,2240,5.86,4.17,39,30,20.03,4.69,13,1,5,1,1,1
3,2241,4.98,6.09,57,31,20.812,4.86,21,2,5,1,1,1
3,2243,7.1,2.95,27,33,19.71,3.26,8,2,3,1,4,0
3,2244,6.34,3.02,18,33,22.07,7.36,14,2,5,2,1,1
3,2245,7.28,7.76,24,24,21.75,6.94,18,2,3,1,2,0
3,2247,4.13,2.95,36,30,25.149,11.22,26,2,5,2,2,1
3,2248,5.57,3.34,26,29,24.974,4.55,30,2,5,1,1,0
3,2249,5.678,3.95,35,25,25.16,12.56,31,2,5,1,1,0
3,2250,6.25,9.33,31,27,19.835,8.72,17,1,5,2,2,1
3,2251,3.47,2.6,25,31,23.125,7.78,19,1,5,2,3,1
3,2253,3.95,6.47,39,28,29.31,7.61,22,2,3,1,3,1
3,2254,5.37,3.03,20,32,22.6,3.37,10,1,5,2,1,1
3,2255,5.39,2.01,15,29,24.768,9.19,18,2,5,1,4,0
3,2256,3.11,1.04,19,32,21.631,6.2,14,2,3,2,1,1
3,2257,5.1,1.88,51,27,24.219,2.78,19,1,5,2,1,0
3,2258,5.07,5.87,23,27,23.62,6.09,26,1,5,1,4,0
3,2259,4.93,5.83,35,33,23.047,10.04,14,2,5,1,1,0
3,2260,5.49,3.13,12,30,30.024,3.45,13,2,3,2,1,0
3,2261,5.55,4.31,21,29,24.768,6.5,14,2,5,2,1,1
3,2263,4.25,2.47,59,27,26.913,6.48,23,2,5,2,1,1
3,2264,3.89,3.29,40,34,23.73,5.14,14,1,5,1,1,1
3,2265,5.65,2.19,36,23,23.197,5.8,14,1,5,2,1,1
3,2266,4.93,1.66,18,30,26.563,9,16,2,5,2,2,1
3,2267,4.55,2.66,26,33,25.299,5.46,18,2,5,2,1,1
3,2268,4.14,1.48,21,32,24.65,6.75,19,1,5,1,1,0
3,2269,4.74,2.33,41,31,35.75,6.02,26,2,5,1,2,1
3,2270,3.66,3.43,26,31,27.24,6.44,31,1,5,2,1,0
3,2271,4.19,2.73,29,34,28.13,3.88,16,2,3,2,1,1
3,2273,5.3,0.25,21,26,26.11,7.45,12,2,3,2,1,0
3,2274,4.05,1.87,41,31,27.73,5.08,12,1,5,2,1,1
3,2275,5.29,3.59,27,24,21.36,3.88,11,2,5,1,4,1
3,2276,4.33,1.83,26,31,25.97,3.18,27,1,5,2,1,1
3,2277,5.28,3.69,26,27,23.24,6.12,13,2,3,2,4,0
3,2278,4.06,0.84,28,29,22.48,7.73,28,1,5,2,2,1
3,2280,2.87,2.26,0,27,19.1,3.91,10,2,3,1,4,1
3,2281,5.35,1.42,20,30,21.88,2.51,7,2,3,2,1,1
3,2283,4.88,14.66,35,29,26.563,14.37,31,2,3,1,2,1
3,2285,5.25,3.22,20,31,27.005,4.25,18,1,5,2,4,1
3,2286,4,14.16,50,29,22.308,10.42,28,2,5,1,2,1
